address,location,price,beds,baths,Sq.Ft,$/Sq.Ft,on_redfin,scrap_date
200 W Grand Ave Unit P93,CHI - Near North Side,"$25,000",—,—,—,—,206 days,2024-09-08 22:10:33
777 N Michigan Ave #1802,CHI - Near North Side,"$164,900",0,1,600,$275,171 days,2024-09-08 22:10:33
505 N Mcclurg Ct #2602,Parkview Condominiums,"$824,900",2,2,"1,464",$563,142 days,2024-09-08 22:10:33
10644 S Wallace St,CHI - Roseland,"$300,000",4,3,"1,546",$194,123 days,2024-09-08 22:10:33
1528 S Wabash Ave #401,CHI - Near South Side,"$274,999",2,1,"1,180",$233,120 days,2024-09-08 22:10:33
303 W Ohio St #1604,CHI - Near North Side,"$319,000",1,1,728,$438,113 days,2024-09-08 22:10:33
65 E Monroe St #4206,CHI - Loop,"$739,000",2,2,"1,430",$517,95 days,2024-09-08 22:10:34
3110 W Berteau Ave #1,CHI - Irving Park,"$365,000",3,2,"1,350",$270,94 days,2024-09-08 22:10:34
6431 N Damen Ave Unit 1E,Edgemoor Park Condos,"$300,000",3,2,"1,100",$273,87 days,2024-09-08 22:10:34
11353 S Forest Ave,CHI - Roseland,"$18,500",—,—,—,—,85 days,2024-09-08 22:10:34
235 W Van Buren St #4508,CHI - Loop,"$490,000",2,2,"1,155",$424,79 days,2024-09-08 22:10:34
1720 S Michigan Ave #2004,CHI - Near South Side,"$231,000",1,1,720,$321,75 days,2024-09-08 22:10:34
2706 W Chicago Ave #3,CHI - West Town,"$489,900",3,2,"1,700",$288,72 days,2024-09-08 22:10:34
2909 N Sheridan Rd #1607,North Side,"$215,000",1,1,950,$226,71 days,2024-09-08 22:10:34
6812 N Wayne Ave Unit 3C,CHI - Rogers Park,"$155,000",1,1,600,$258,66 days,2024-09-08 22:10:34
5300 S Shore Dr #35,CHI - Hyde Park,"$230,000",3,2,"1,650",$139,64 days,2024-09-08 22:10:35
2440 W Irving Park Rd #3,CHI - North Center,"$699,000",3,2,"1,750",$399,64 days,2024-09-08 22:10:35
9129 S Marshfield Ave,CHI - Washington Heights,"$275,000",6,2,"1,192",$231,63 days,2024-09-08 22:10:35
225 S Sangamon St #811,CHI - Near West Side,"$450,000",2,2,"1,000",$450,61 days,2024-09-08 22:10:35
230 W 109th St,CHI - Roseland,"$80,000",3,2,"1,218",$66,60 days,2024-09-08 22:10:35
600 N Dearborn St #1101,Farallon,"$450,000",2,2,—,—,59 days,2024-09-08 22:10:35
50 E 16th St #406,Chicago,"$375,000",2,2,"1,000",$375,59 days,2024-09-08 22:10:35
1355 N Sandburg Ter Unit 2108D,CHI - Near North Side,"$308,500",1,1,850,$363,58 days,2024-09-08 22:10:35
500 W Superior St #802,CHI - Near North Side,"$530,000",2,2,"1,154",$459,54 days,2024-09-08 22:10:35
3130 W Fullerton Ave Unit 2E,CHI - Logan Square,"$440,000",2,2,"1,250",$352,51 days,2024-09-08 22:10:36
8214 S Laflin St,CHI - Auburn Gresham,"$240,000",6,2,"1,452",$165,51 days,2024-09-08 22:10:36
215 N Aberdeen St Unit B401,Blue Moon Lofts,"$384,900",2,2,—,—,50 days,2024-09-08 22:10:36
3125 W Pershing Rd,CHI - Brighton Park,"$475,000",6,3,—,—,50 days,2024-09-08 22:10:36
1212 N Wells St #402,Neapolitan,"$350,000",1,1,"1,000",$350,50 days,2024-09-08 22:10:36
1837 N Newcastle Ave,CHI - Montclare,"$492,000",4,4,"3,000",$164,46 days,2024-09-08 22:10:36
6307 W Berenice Ave,CHI - Dunning,"$644,000",5,4.5,"2,302",$280,45 days,2024-09-08 22:11:06
2413 W Fullerton Ave #3,CHI - Logan Square,"$674,500",2,2,"2,000",$337,44 days,2024-09-08 22:11:06
2240 N Parkside Ave,CHI - Belmont Cragin,"$375,000",4,2,"1,072",$350,44 days,2024-09-08 22:11:07
9145 S Pleasant Ave,CHI - Beverly,"$640,000",6,3,"2,545",$251,44 days,2024-09-08 22:11:07
9133 S Drexel Ave,CHI - Burnside,"$289,900",7,3,"2,097",$138,43 days,2024-09-08 22:11:07
1151 W Washington Blvd #136,CHI - Near West Side,"$648,000",2,2,"1,550",$418,43 days,2024-09-08 22:11:07
1322 S Wabash Ave Ph 6,CHI - Near South Side,"$710,000",2,2,"2,221",$320,42 days,2024-09-08 22:11:07
10821 S Eberhart Ave,CHI - Roseland,"$316,000",4,3,"1,212",$261,40 days,2024-09-08 22:11:07
4343 N Clarendon Ave #1102,CHI - Uptown,"$279,000",2,2,"1,150",$243,40 days,2024-09-08 22:11:07
240 E Illinois St #2603,CHI - Near North Side,"$399,900",1,1,—,—,40 days,2024-09-08 22:11:07
8629 1/2 W Foster Ave Unit 1A,CHI - O'Hare,"$289,000",3,3,"2,000",$145,39 days,2024-09-08 22:11:08
5953 N Kenmore Ave #104,CHI - Edgewater,"$275,000",2,2,"1,100",$250,38 days,2024-09-08 22:11:08
8 W Monroe St #2100,Chicago,"$1,290,000",4,2.5,"5,388",$239,38 days,2024-09-08 22:11:08
1838 N Western Ave #303,CHI - Logan Square,"$750,000",3,2,—,—,37 days,2024-09-08 22:11:08
4412 S Oakenwald Ave,CHI - Kenwood,"$549,000",4,2.5,"2,995",$183,37 days,2024-09-08 22:11:08
6014 W Fletcher St,Chicago,"$330,000",3,1,"1,336",$247,36 days,2024-09-08 22:11:09
2800 N Lake Shore Dr #1710,CHI - Lake View,"$525,000",2,1,—,—,33 days,2024-09-08 22:11:09
110 W Superior St #1402,Superior 110,"$639,000",2,2,"1,325",$482,32 days,2024-09-08 22:11:09
6937 S Laflin St,CHI - West Englewood,"$300,000",4,2,—,—,31 days,2024-09-08 22:11:09
4454 S Vincennes Ave Unit 3S,CHI - Grand Boulevard,"$265,000",3,2,"1,700",$156,31 days,2024-09-08 22:11:09
1806 W Belmont Ave #1,CHI - North Center,"$869,900",3,3.5,"2,200",$395,31 days,2024-09-08 22:11:09
3440 N Lake Shore Dr Unit 14B,CHI - Lake View,"$364,900",2,1,—,—,31 days,2024-09-08 22:11:09
5900 S King Dr Unit C-3,CHI - Washington Park,"$250,000",3,2,"1,220",$205,31 days,2024-09-08 22:11:09
400 W Huron St #1002,CHI - Near North Side,"$1,424,900",3,2.5,"2,200",$648,30 days,2024-09-08 22:11:09
860 W Lakeside Pl Unit A,CHI - Uptown,"$515,000",3,2.5,"1,800",$286,30 days,2024-09-08 22:11:10
444 W Fullerton Pkwy #1909,CHI - Lincoln Park,"$435,000",2,2,—,—,30 days,2024-09-08 22:11:10
2423 W Fullerton Ave Unit 3E,CHI - Logan Square,"$499,900",2,2,"1,000",$500,29 days,2024-09-08 22:11:10
170 W Polk St #1602,CHI - Loop,"$310,000",1,1,800,$388,29 days,2024-09-08 22:11:10
235 W Van Buren St #2102,CHI - Loop,"$358,000",2,2,"1,000",$358,29 days,2024-09-08 22:11:10
2101 W Rice St #101,CHI - West Town,"$479,900",2,2,"1,500",$320,29 days,2024-09-08 22:11:10
7408 S Eberhart Ave,CHI - Greater Grand Crossing,"$425,000",6,4,—,—,26 days,2024-09-08 22:11:10
808 N Greenview Ave Unit 3E,CHI - West Town,"$465,000",2,2,"1,254",$371,26 days,2024-09-08 22:11:10
1255 N State Pkwy Unit 2AC,Churchill,"$785,000",2,2,"2,000",$393,26 days,2024-09-08 22:11:10
212 E Cullerton St #812,CHI - Near South Side,"$270,000",1,1,907,$298,25 days,2024-09-08 22:11:10
3150 N Lake Shore Dr Unit 8E,CHI - Lake View,"$429,000",3,2,"1,650",$260,24 days,2024-09-08 22:11:11
3900 N Pine Grove Ave #302,CHI - Lake View,"$325,000",2,2,900,$361,24 days,2024-09-08 22:11:11
2827 N Woodard St Unit 1S,CHI - Avondale,"$338,000",2,1,"1,200",$282,23 days,2024-09-08 22:11:11
1423 N California Ave,CHI - West Town,"$875,000",4,3.5,"4,000",$219,23 days,2024-09-08 22:11:11
11079 S Bell Ave,CHI - Morgan Park,"$595,000",4,2.5,"5,126",$116,23 days,2024-09-08 22:11:11
5652 W 63rd St Unit 3E,CHI - Clearing,"$249,000",2,2,"1,100",$226,23 days,2024-09-08 22:11:11
11217 S Avenue L Ave,CHI - South Chicago,"$164,900",2,1,947,$174,23 days,2024-09-08 22:11:11
2012 W Erie St Unit 3E,CHI - West Town,"$570,000",3,2,—,—,22 days,2024-09-08 22:11:11
701 S Wells St #1605,CHI - Loop,"$364,000",2,2,"1,263",$288,22 days,2024-09-08 22:11:11
728 W Jackson Blvd #525,CHI - Near West Side,"$285,000",1,1,"1,000",$285,22 days,2024-09-08 22:11:12
330 N Jefferson St #1002,CHI - Near West Side,"$385,000",1,1,864,$446,19 days,2024-09-08 22:11:12
4855 W Montrose Ave,CHI - Portage Park,"$495,000",3,2,"1,421",$348,19 days,2024-09-08 22:11:12
6666 W Imlay St,CHI - Norwood Park,"$417,900",5,3,"2,525",$166,18 days,2024-09-08 22:11:12
4534 N Cumberland Ave #301,CHI - O'Hare,"$240,000",1,1,—,—,18 days,2024-09-08 22:11:12
511 W Division St #810,CHI - Near North Side,"$399,900",2,2,—,—,16 days,2024-09-08 22:11:12
33 W Delaware Pl Unit 16D,Delaware Place,"$259,000",1,1,850,$305,16 days,2024-09-08 22:11:12
949 N Central Park Ave,CHI - Humboldt Park,"$287,000",5,2,"1,201",$239,16 days,2024-09-08 22:11:13
1608 S Western Ave,Park Ridge,"$915,000",4,2.5,"3,260",$281,15 days,2024-09-08 22:11:13
655 W Irving Park Rd #5306,CHI - Lake View,"$235,000",1,1,816,$288,15 days,2024-09-08 22:11:13
1334 W Greenleaf Ave Unit 3D,CHI - Rogers Park,"$285,000",2,2,919,$310,15 days,2024-09-08 22:11:13
1307 W Schubert Ave,CHI - Lincoln Park,"$1,575,000",5,3.5,"3,500",$450,12 days,2024-09-08 22:11:13
701 W 92nd St,CHI - Washington Heights,"$215,000",3,1,"1,036",$208,12 days,2024-09-08 22:11:13
1715 W Ohio St Unit 2N,CHI - West Town,"$600,000",2,2,—,—,12 days,2024-09-08 22:11:14
1101 S State St #1300,State Place Tower,"$410,000",3,2,"1,480",$277,11 days,2024-09-08 22:11:14
4343 N Clarendon Ave #2409,CHI - Uptown,"$150,000",0,1,600,$250,11 days,2024-09-08 22:11:14
1800 W Grace St #604,CHI - North Center,"$974,000",3,2.5,"2,200",$443,11 days,2024-09-08 22:11:14
4543 W Schubert Ave,CHI - Hermosa,"$395,000",3,2,"2,252",$175,10 days,2024-09-08 22:11:14
6970 N Wolcott Ave Unit G,CHI - Rogers Park,"$134,900",2,1,900,$150,10 days,2024-09-08 22:11:14
3862 S Lake Park Ave Unit 3N,CHI - Oakland,"$390,000",3,2,"1,850",$211,10 days,2024-09-08 22:11:14
3327 W Glenlake Ave,CHI - North Park,"$899,900",6,4.5,"4,230",$213,9 days,2024-09-08 22:11:14
1449 N Ashland Ave Unit 2F,CHI - West Town,"$285,000",2,1,650,$438,9 days,2024-09-08 22:11:14
1329 W 71st St,CHI - Englewood,"$269,900",6,2.5,"2,051",$132,9 days,2024-09-08 22:11:15
2495 N Milwaukee Ave Unit 3N,CHI - Logan Square,"$649,900",3,2,"1,283",$507,8 days,2024-09-08 22:11:15
1740 W Foster Ave Unit 3R,CHI - Edgewater,"$269,900",1,1.5,—,—,8 days,2024-09-08 22:11:15
3100 W Berteau Ave Unit G,CHI - Irving Park,"$240,000",2,1,950,$253,8 days,2024-09-08 22:11:15
1629 W Jarvis Ave,CHI - Rogers Park,"$760,000",3,1.5,—,—,4 days,2024-09-08 22:11:15
1715 W Beach Ave #1,CHI - West Town,"$579,000",3,2.5,"2,000",$290,4 days,2024-09-08 22:11:15
2 E Erie St #3609,CHI - Near North Side,"$515,000",2,2,"1,175",$438,4 days,2024-09-08 22:11:15
5210 S King Dr Unit F,CHI - Washington Park,"$449,000",4,2.5,"2,340",$192,4 days,2024-09-08 22:11:15
5022 S Elizabeth St,CHI - New City,"$355,000",9,3,—,—,4 days,2024-09-08 22:11:15
1428 W Lunt Ave Unit 2N,CHI - Rogers Park,"$264,900",2,2,"1,100",$241,4 days,2024-09-08 22:11:15
7841 S Drexel Ave,CHI - Greater Grand Crossing,"$465,000",9,4,—,—,3 days,2024-09-08 22:11:16
1725 W Division St #201,Chicago,"$750,000",2,2,—,—,3 days,2024-09-08 22:11:16
1600 S Prairie Ave #1110,CHI - Near South Side,"$319,500",1,1.5,"1,113",$287,3 days,2024-09-08 22:11:16
10563 S Central Park Ave,CHI - Mount Greenwood,"$330,000",3,2,"1,200",$275,3 days,2024-09-08 22:11:16
5750 S Merrimac Ave,CHI - Garfield Ridge,"$550,000",4,3,"1,827",$301,3 days,2024-09-08 22:11:16
7910 S Greenwood Ave,CHI - Chatham,"$350,000",11,5,—,—,3 days,2024-09-08 22:11:16
1643 N Washtenaw Ave,Chicago,"$1,050,000",4,3.5,"3,200",$328,2 days,2024-09-08 22:11:16
5008 N Denal St,Norridge,"$429,900",3,2,"1,166",$369,2 days,2024-09-08 22:11:16
4039 N Elston Ave #3,CHI - Irving Park,"$524,900",3,2,"1,850",$284,2 days,2024-09-08 22:11:16
125 E 13th St #1114,Museum Park Lofts,"$279,900",1,1,800,$350,2 days,2024-09-08 22:11:17
2642 N Troy St #3,CHI - Logan Square,"$495,000",3,1,"1,300",$381,2 days,2024-09-08 22:11:17
530 N Paulina St,CHI - West Town,"$1,289,000",3,3.5,"2,586",$498,2 days,2024-09-08 22:11:17
2817 N Oakley Ave Unit 3E,CHI - Logan Square,"$549,000",2,2,"1,300",$422,2 days,2024-09-08 22:11:17
1117 W Fry St Unit G,CHI - West Town,"$342,000",2,2,"1,600",$214,2 days,2024-09-08 22:11:17
3950 N Lake Shore Dr #1506,CHI - Lake View,"$249,900",2,1,"1,100",$227,2 days,2024-09-08 22:11:17
3763 N Wilton Ave Unit 1S,CHI - Lake View,"$765,000",3,3,"1,800",$425,2 days,2024-09-08 22:11:18
4157 N Bernard St #2,Chicago,"$245,000",2,1,—,—,2 days,2024-09-08 22:11:18
3815 S Langley Ave #301,CHI - Oakland,"$225,000",2,1.5,"1,200",$188,2 days,2024-09-08 22:11:18
5318 N Ravenswood Ave #107,CHI - Lincoln Square,"$435,000",2,2,—,—,2 days,2024-09-08 22:11:18
70 W Burton Pl Unit 706F,Sandburg Village,"$199,900",1,1,—,—,2 days,2024-09-08 22:11:18
4304 N Central Park Ave,CHI - Irving Park,"$799,900",6,4,—,—,2 days,2024-09-08 22:11:18
40 E 9th St #803,Burnham Park Plaza,"$200,000",1,1,861,$232,2 days,2024-09-08 22:11:18
3650 N Pittsburgh Ave,CHI - Dunning,"$264,900",2,1,967,$274,2 days,2024-09-08 22:11:18
7131 S Yale Ave,CHI - Greater Grand Crossing,"$198,900",11,4,—,—,2 days,2024-09-08 22:11:19
7837 S Paulina St,CHI - Auburn Gresham,"$192,900",6,2,—,—,2 days,2024-09-08 22:11:19
3408 W Pierce Ave,CHI - Humboldt Park,"$545,000",4,3,"1,943",$280,2 days,2024-09-08 22:11:19
1500 S Lawndale Ave,CHI - North Lawndale,"$619,900",19,10,—,—,2 days,2024-09-08 22:11:19
2800 N Lake Shore Dr #2417,CHI - Lake View,"$540,000",2,2,"1,350",$400,2 days,2024-09-08 22:11:19
2324 S Leavitt St,CHI - Lower West Side,"$645,900",8,5,"6,200",$104,2 days,2024-09-08 22:11:19
201 N Westshore Dr #2008,Lancaster,"$525,000",2,2.5,"1,295",$405,2 days,2024-09-08 22:11:19
2910 S Haynes Ct,CHI - Bridgeport,"$499,900",5,3,—,—,2 days,2024-09-08 22:11:19
956 N Noble St Unit 1S,CHI - West Town,"$825,000",4,3,"2,600",$317,2 days,2024-09-08 22:11:19
6637 S Rhodes Ave,CHI - Woodlawn,"$285,000",6,2,—,—,2 days,2024-09-08 22:11:20
6461 W Warner Ave #308,Glenlake,"$340,000",2,2,"1,382",$246,2 days,2024-09-08 22:11:20
2851 W Wilcox St,CHI - East Garfield Park,"$450,000",7,3,—,—,2 days,2024-09-08 22:11:20
9834 S Avers Ave,Evergreen Park,"$320,000",3,2,"1,054",$304,2 days,2024-09-08 22:11:20
30 E Huron St #1605,CHI - Near North Side,"$275,000",1,1,800,$344,2 days,2024-09-08 22:11:20
2840 E 127th St,CHI - Hegewisch,"$279,000",3,1,"1,400",$199,2 days,2024-09-08 22:11:20
1518 N Hudson St #1,CHI - Near North Side,"$750,000",3,3,—,—,2 days,2024-09-08 22:11:20
3003 W Cornelia Ave,CHI - Avondale,"$650,000",3,3,"2,242",$290,2 days,2024-09-08 22:11:20
5644 N Ashland Ave #1,Andersonville,"$945,000",4,3.5,"3,500",$270,1 day,2024-09-08 22:11:20
5644 N Ashland Ave #4,Andersonville,"$799,000",3,2.5,"1,800",$444,1 day,2024-09-08 22:11:20
5644 N Ashland Ave #2,Andersonville,"$699,000",3,2,"1,800",$388,1 day,2024-09-08 22:11:21
3045 N California Ave,-,"$580,000",4,3,"1,750",$331,1 day,2024-09-08 22:11:21
550 N Saint Clair St #2103,CHI - Near North Side,"$515,000",2,2,"1,250",$412,1 day,2024-09-08 22:11:21
6157 N Sheridan Rd Unit 2Q,CHI - Edgewater,"$214,900",1,1,"1,045",$206,1 day,2024-09-08 22:11:21
3760 N Sheffield Ave Unit 3N,CHI - Lake View,"$559,000",2,2,—,—,1 day,2024-09-08 22:11:21
1030 N State St Unit 19L,CHI - Near North Side,"$689,000",2,2,"1,200",$574,1 day,2024-09-08 22:11:21
209 N La Crosse Ave,CHI - Austin,"$369,900",4,2,—,—,1 day,2024-09-08 22:11:21
1847 N Mohawk St,CHI - Lincoln Park,"$2,400,000",4,3.5,—,—,1 day,2024-09-08 22:11:21
3846 W 71st St,CHI - West Lawn,"$325,000",3,2.5,895,$363,1 day,2024-09-08 22:11:21
5340 N Lowell Ave #413,Rivers Edge,"$399,900",2,2,"1,582",$253,1 day,2024-09-08 22:11:22
7618 S Carpenter St,CHI - Auburn Gresham,"$190,000",5,2,"1,150",$165,1 day,2024-09-08 22:11:22
2411 W Walton St Unit 1B,CHI - West Town,"$599,000",3,3,"2,400",$250,1 day,2024-09-08 22:11:22
11444 S Washtenaw Ave,CHI - Morgan Park,"$319,900",4,2,"1,500",$213,1 day,2024-09-08 22:11:22
7639 N Eastlake Ter Unit 3E,CHI - Rogers Park,"$250,000",2,1,864,$289,1 day,2024-09-08 22:10:52
8939 S Ada St,CHI - Washington Heights,"$379,900",5,3,"2,600",$146,1 day,2024-09-08 22:10:52
5016 W Gladys Ave,CHI - Austin,"$339,900",5,2,"2,000",$170,1 day,2024-09-08 22:10:52
11339 S Calumet Ave,CHI - Roseland,"$204,999",5,2,—,—,1 day,2024-09-08 22:10:53
440 N Mcclurg Ct Unit P-17,CHI - Near North Side,"$29,000",—,—,—,—,1 day,2024-09-08 22:10:53
1609 N Cleveland Ave,CHI - Lincoln Park,"$399,000",1,1.5,966,$413,1 day,2024-09-08 22:10:53
4631 S Ellis Ave Unit 2R,Ellington Court,"$235,000",2,2,—,—,1 day,2024-09-08 22:10:53
4527 S Drexel Blvd Unit 2N,CHI - Kenwood,"$178,000",2,2,"1,175",$151,1 day,2024-09-08 22:10:53
1227 Edmer Ave,Oak Park,"$800,000",4,3.5,"2,430",$329,1 day,2024-09-08 22:10:53
130 S Canal St Unit 10K,Metropolitan Place,"$300,000",1,1,850,$353,1 day,2024-09-08 22:10:53
400 W Deming Pl Unit 4-O,CHI - Lincoln Park,"$275,000",1,1,—,—,1 day,2024-09-08 22:10:53
1816 W Belmont Ave #2,CHI - North Center,"$499,000",2,2,"1,300",$384,1 day,2024-09-08 22:10:53
5717 N Kimball Ave Unit 1S,CHI - North Park,"$199,900",2,2,—,—,1 day,2024-09-08 22:10:54
1530 N Dearborn Pkwy Unit 18S,CHI - Near North Side,"$564,500",2,2,"1,825",$309,1 day,2024-09-08 22:10:54
2903 N Richmond St,-,"$825,000",6,3.5,—,—,1 day,2024-09-08 22:10:54
830 W Lill Ave #3,CHI - Lincoln Park,"$749,000",2,2,—,—,1 day,2024-09-08 22:10:54
3445 N Oakley Ave,CHI - North Center,"$875,000",6,4,—,—,1 day,2024-09-08 22:10:54
3418 N Nagle Ave,CHI - Dunning,"$489,000",4,3,"2,600",$188,1 day,2024-09-08 22:10:54
850 N Dewitt Pl Unit 18H,CHI - Near North Side,"$181,900",1,1,800,$227,1 day,2024-09-08 22:10:54
2931 W Greenleaf Ave,CHI - West Ridge,"$549,000",4,2.5,"1,614",$340,1 day,2024-09-08 22:10:54
917 W Agatite Ave Unit 4F,CHI - Uptown,"$325,000",2,2,"1,300",$250,1 day,2024-09-08 22:10:54
1221 N Dearborn St Unit 1611N,The Towers,"$260,000",1,1,—,—,1 day,2024-09-08 22:10:54
3524 N Plainfield Ave,CHI - Dunning,"$349,900",4,1.5,—,—,1 day,2024-09-08 22:10:55
2225 W Fletcher Ave,CHI - North Center,"$1,849,000",6,4.5,—,—,1 day,2024-09-08 22:10:55
4323 N Monitor Ave,CHI - Portage Park,"$549,900",4,3,"2,121",$259,1 day,2024-09-08 22:10:55
400 W Ontario St #1607,CHI - Near North Side,"$450,000",2,2,"1,310",$344,1 day,2024-09-08 22:10:55
11127 S Trumbull Ave,CHI - Mount Greenwood,"$349,900",3,2,"1,200",$292,1 day,2024-09-08 22:10:55
60 W Erie St #1501,CHI - Near North Side,"$599,000",2,2,"1,440",$416,1 day,2024-09-08 22:10:55
1926 N Lincoln Park West St Unit 2E,CHI - Lincoln Park,"$725,000",3,2.5,"1,800",$403,1 day,2024-09-08 22:10:55
3739 N Christiana Ave,CHI - Irving Park,"$575,000",4,2,—,—,1 day,2024-09-08 22:10:55
3024 W Addison St,CHI - Irving Park,"$1,900,000",13,7,"10,434",$182,1 day,2024-09-08 22:10:55
1070 W 15th St #308,University Commons,"$274,999",2,1,—,—,1 day,2024-09-08 22:10:56
4133 W Melrose St,CHI - Irving Park,"$549,000",6,4,—,—,1 day,2024-09-08 22:10:56
3150 N Lake Shore Dr Unit 19A,CHI - Lake View,"$599,000",3,2.5,"2,200",$272,1 day,2024-09-08 22:10:56
1144 N Austin Blvd,Oak Park,"$450,000",6,3,—,—,1 day,2024-09-08 22:10:56
55 W Goethe St #1254,CHI - Near North Side,"$1,725,000",4,4,"3,800",$454,1 day,2024-09-08 22:10:56
1700 E 56th St #407,CHI - Hyde Park,"$329,000",2,2,"1,263",$260,1 day,2024-09-08 22:10:56
7234 W North Ave #1712,Elmwood Park,"$122,000",1,1,775,$157,1 day,2024-09-08 22:11:26
7744 S Laflin St,CHI - Auburn Gresham,"$259,000",5,2.5,"2,268",$114,1 day,2024-09-08 22:11:26
4505 S Justine St,CHI - New City,"$335,000",6,2,—,—,1 day,2024-09-08 22:11:27
9790 River St,Schiller Park,"$335,000",4,2,"2,146",$156,1 day,2024-09-08 22:10:57
10221 S Vernon Ave S,CHI - Roseland,"$259,900",4,2,"1,400",$186,1 day,2024-09-08 22:10:57
6630 S Kostner Ave,CHI - West Lawn,"$247,500",4,2,944,$262,1 day,2024-09-08 22:10:57
5237 S Long Ave,CHI - Garfield Ridge,"$535,000",4,2.5,—,—,1 day,2024-09-08 22:10:57
1372 N Mohawk St Unit A,CHI - Near North Side,"$449,000",3,2,"1,800",$249,1 day,2024-09-08 22:10:57
159 E Walton Pl Unit 34A,CHI - Near North Side,"$2,900,000",3,3.5,"4,702",$617,1 day,2024-09-08 22:10:58
6135 W Rosedale Ave,CHI - Norwood Park,"$599,000",4,2,—,—,1 day,2024-09-08 22:10:58
3314 N Lake Shore Dr Unit 6D,CHI - Lake View,"$320,000",2,2,"1,500",$213,1 day,2024-09-08 22:10:58
5461 S Ellis Ave #1,CHI - Hyde Park,"$148,000",1,1,—,—,1 day,2024-09-08 22:10:58
1450 E 55th St Unit 823S,CHI - Hyde Park,"$165,000",1,1,—,—,1 day,2024-09-08 22:10:58
3242 N Ottawa Ave,Belmont Heights,"$340,000",5,2,"1,696",$200,1 day,2024-09-08 22:10:58
4048 N Moody Ave,CHI - Portage Park,"$349,900",4,2,"1,325",$264,1 day,2024-09-08 22:10:58
5104 S Latrobe Ave,CHI - Garfield Ridge,"$349,000",6,2,"2,000",$175,1 day,2024-09-08 22:10:58
737 W Washington Blvd #3004,CHI - Near West Side,"$569,000",2,2,"1,300",$438,1 day,2024-09-08 22:10:58
5125 S Carpenter St,CHI - New City,"$407,999",8,2,—,—,1 day,2024-09-08 22:10:59
2720 W Polk St,CHI - East Garfield Park,"$500,000",6,3,—,—,1 day,2024-09-08 22:10:59
6217 N Leona Ave,Edgebrook,"$730,000",3,2.5,—,—,1 day,2024-09-08 22:10:59
757 N Orleans St #1402,CHI - Near North Side,"$235,000",1,1,792,$297,1 day,2024-09-08 22:10:59
4443 S Indiana Ave Unit 1S,Bronzeville,"$379,000",4,3,"2,746",$138,1 day,2024-09-08 22:10:59
1632 W Hollywood Ave,CHI - Edgewater,"$495,000",—,—,—,—,1 day,2024-09-08 22:10:59
1738 W Superior St,-,"$1,844,444",6,5,"4,100",$450,1 day,2024-09-08 22:10:59
6223 S Major Ave,CHI - Clearing,"$465,000",10,4,—,—,1 day,2024-09-08 22:10:59
720 W Gordon Ter Unit 7G,CHI - Uptown,"$139,900",0,1,550,$254,1 day,2024-09-08 22:10:59
2729 W Birchwood Ave,CHI - West Ridge,"$595,000",5,2.5,"1,843",$323,1 day,2024-09-08 22:11:00
435 N Michigan Ave #803,Tribune Tower Residences,"$2,350,000",3,3.5,"3,249",$723,1 day,2024-09-08 22:11:00
9401 S Saint Lawrence Ave,CHI - Roseland,"$269,000",5,2,"1,602",$168,1 day,2024-09-08 22:11:00
435 N Michigan Ave #1302,Tribune Tower Residences,"$3,850,000",4,4.5,"3,906",$986,1 day,2024-09-08 22:11:00
2725 W Chanay St,CHI - Logan Square,"$1,425,000",5,3.5,"3,750",$380,1 day,2024-09-08 22:11:00
500 N Damen Ave #204,CHI - West Town,"$399,900",2,2,"1,172",$341,1 day,2024-09-08 22:11:00
2354 W Farragut Ave #203,CHI - Lincoln Square,"$609,900",4,2.5,"1,620",$376,1 day,2024-09-08 22:11:00
2354 W Farragut Ave #403,CHI - Lincoln Square,"$712,500",4,2.5,"1,620",$440,1 day,2024-09-08 22:11:00
6155 W 64th St,CHI - Clearing,"$274,900",3,1.5,"1,200",$229,1 day,2024-09-08 22:11:00
811 S Lytle St #506,Columbus on the Park,"$364,900",2,2,"1,200",$304,1 day,2024-09-08 22:11:00
8455 S Seeley Ave,CHI - Auburn Gresham,"$175,000",3,1,"1,089",$161,1 day,2024-09-08 22:11:01
2354 W Farragut Ave #406,CHI - Lincoln Square,"$799,000",4,2.5,"1,870",$427,1 day,2024-09-08 22:11:01
435 N Michigan Ave #1901,Tribune Tower Residences,"$3,400,000",3,3.5,"3,374","$1,008",1 day,2024-09-08 22:11:01
5225 N Riversedge Ter #507,Rivers Edge,"$275,000",1,1,"1,100",$250,1 day,2024-09-08 22:11:01
7133 S Sawyer Ave,CHI - Chicago Lawn,"$259,900",4,2,964,$270,1 day,2024-09-08 22:11:01
622 S Oakley Blvd #3,CHI - Near West Side,"$540,000",3,2,"2,200",$245,1 day,2024-09-08 22:11:01
3407 W Beach Ave,CHI - Humboldt Park,"$580,000",5,3,"2,248",$258,1 day,2024-09-08 22:11:01
2161 W 116th Pl,CHI - Morgan Park,"$274,999",4,2,"2,469",$111,1 day,2024-09-08 22:11:02
3900 N Pine Grove Ave #710,CHI - Lake View,"$269,900",1,1,750,$360,1 day,2024-09-08 22:11:02
5960 N Odell Ave N Unit GD,CHI - Norwood Park,"$154,900",1,1,—,—,1 day,2024-09-08 22:11:02
11215 S Longwood Dr,CHI - Morgan Park,"$110,000",5,2.5,"1,900",$58,1 day,2024-09-08 22:11:02
211 N Harbor Dr #1202,CHI - Loop,"$1,450,000",3,2,"1,638",$885,1 day,2024-09-08 22:11:02
5011 S Latrobe Ave,CHI - Garfield Ridge,"$349,987",4,2,"2,000",$175,1 day,2024-09-08 22:11:02
6171 N Sheridan Rd #2306,CHI - Edgewater,"$162,500",1,1,920,$177,1 day,2024-09-08 22:11:02
226 N Austin Blvd,Oak Park,"$449,000",4,2.5,"2,187",$205,1 day,2024-09-08 22:11:03
1913 W Addison St Unit 1R,CHI - North Center,"$950,000",4,3,—,—,1 day,2024-09-08 22:11:03
2301 N Leavitt St,CHI - Logan Square,"$1,450,000",14,7,—,—,1 day,2024-09-08 22:11:03
6748 S Wabash Ave,CHI - Greater Grand Crossing,"$370,000",5,3.5,"3,500",$106,1 day,2024-09-08 22:11:03
211 N Harbor Dr #1301,CHI - Loop,"$850,000",2,2,"1,201",$708,1 day,2024-09-08 22:11:03
1054 N Latrobe Ave,CHI - Austin,"$144,000",5,1.5,"1,515",$95,1 day,2024-09-08 22:11:03
3605 W Hirsch St,CHI - Humboldt Park,"$725,000",4,3.5,"2,625",$276,1 day,2024-09-08 22:11:03
5053 N Sheridan Rd Unit 1S,Margate Park,"$550,000",2,2,"2,000",$275,1 day,2024-09-08 22:11:03
3141 N Marmora Ave,CHI - Belmont Cragin,"$519,000",5,3,"3,375",$154,1 day,2024-09-08 22:11:03
2921 S Bonfield St,CHI - Bridgeport,"$385,000",7,4,—,—,1 day,2024-09-08 22:11:03
211 N Harbor Dr #1406,CHI - Loop,"$1,140,000",2,2.5,"1,384",$824,1 day,2024-09-08 22:11:04
6242 S Maplewood Ave,CHI - Chicago Lawn,"$249,900",6,1,"1,472",$170,1 day,2024-09-08 22:11:04
2949 N Rutherford Ave,CHI - Montclare,"$500,000",4,3,"2,799",$179,1 day,2024-09-08 22:11:04
3200 N Lake Shore Dr #2106,CHI - Lake View,"$389,900",2,2,"1,250",$312,1 day,2024-09-08 22:11:04
3716 W Ferdinand St,CHI - Humboldt Park,"$195,000",4,2,—,—,1 day,2024-09-08 22:11:04
3519 W Medill Ave #3,CHI - Logan Square,$150,—,—,—,—,1 day,2024-09-08 22:11:04
6121 N Winthrop Ave Unit 4S,CHI - Edgewater,"$575,000",3,2,"1,700",$338,1 day,2024-09-08 22:11:04
6450 W Berteau Ave #208,CHI - Dunning,"$287,500",2,2,"1,614",$178,1 day,2024-09-08 22:11:04
5601 N Sheridan Rd Unit 6E,Statesman,"$320,000",2,2,—,—,1 day,2024-09-08 22:11:04
1001 W 15th St #326,CHI - Near West Side,"$385,000",2,2,"1,226",$314,1 day,2024-09-08 22:11:05
3647 S Rockwell Ave,CHI - Brighton Park,"$399,500",5,1.5,"1,075",$372,1 day,2024-09-08 22:11:05
1939 W Granville Ave #1,CHI - West Ridge,"$214,000",2,2,—,—,1 day,2024-09-08 22:11:05
9745 S Karlov Ave #103,Oak Lawn,"$109,999",1,1,800,$137,1 day,2024-09-08 22:11:05
3775 W Pippin St,CHI - Ashburn,"$225,000",3,1,"1,120",$201,1 day,2024-09-08 22:11:05
3335 S Racine Ave,CHI - Bridgeport,"$989,000",5,3.5,"3,500",$283,1 day,2024-09-08 22:11:05
7945 S Prairie Ave,CHI - Chatham,"$339,000",6,2,—,—,1 day,2024-09-08 22:11:05
1913 W Addison St #2,CHI - North Center,"$1,350,000",5,3,—,—,1 day,2024-09-08 22:11:05
925 W 53rd St,CHI - New City,"$99,000",5,2,"3,000",$33,1 day,2024-09-08 22:11:05
1913 W Addison St Unit 1F,CHI - North Center,"$900,000",4,3,—,—,1 day,2024-09-08 22:11:05
2354 W Farragut Ave #301,CHI - Lincoln Square,"$799,900",4,3,"2,200",$364,1 day,2024-09-08 22:11:06
10156 S Oakley Ave S,CHI - Beverly,"$500,000",3,1.5,"2,700",$185,1 day,2024-09-08 22:11:06
8533 S Kenneth Ave,CHI - Ashburn,"$409,990",5,2.5,"2,470",$166,1 day,2024-09-08 22:11:06
525 W Hawthorne Pl #1002,CHI - Lake View,"$225,000",2,1,—,—,1 day,2024-09-08 22:11:06
1600 S Prairie Ave #2304,CHI - Near South Side,"$1,090,000",3,3,—,—,1 day,2024-09-08 22:11:36
8059 S Indiana Ave,CHI - Chatham,"$425,000",5,3,"2,605",$163,1 day,2024-09-08 22:11:37
2020 N Dayton St,CHI - Lincoln Park,"$3,150,000",6,5.5,"5,200",$606,1 day,2024-09-08 22:11:07
2800 N Lake Shore Dr #308,CHI - Lake View,"$285,500",1,1,900,$317,1 day,2024-09-08 22:11:07
5627 N Kedvale Ave,CHI - North Park,"$699,999",6,5,"2,400",$292,1 day,2024-09-08 22:11:07
7007 Lorel Ave,Kingston Estates,"$485,000",3,3,"2,400",$202,1 day,2024-09-08 22:11:07
2245 W Morse Ave,CHI - West Ridge,"$625,000",5,3,—,—,1 day,2024-09-08 22:11:07
9927 S Clyde Ave S,CHI - South Deering,"$125,000",2,1,807,$155,1 day,2024-09-08 22:11:07
4336 N Troy St,CHI - Irving Park,"$1,050,000",6,3.5,"3,900",$269,1 day,2024-09-08 22:11:07
11354 S Calumet Ave,CHI - Roseland,"$77,990",4,1.5,"1,609",$48,1 day,2024-09-08 22:11:07
8634 S Carpenter St,CHI - Auburn Gresham,"$99,900",4,2,"1,200",$83,1 day,2024-09-08 22:11:07
7919 S Kenneth Ave,CHI - Ashburn,"$360,000",5,1.5,"1,588",$227,1 day,2024-09-08 22:11:07
5032 N Mcvicker Ave,Jefferson Park Place,"$469,000",3,2,"1,960",$239,1 day,2024-09-08 22:11:08
6436 W Dakin St,CHI - Dunning,"$750,000",4,5,—,—,1 day,2024-09-08 22:11:08
111 E Chestnut St Unit 23B,CHI - Near North Side,"$275,000",0,1,600,$458,35 hrs,2024-09-08 22:11:08
9630 S La Salle St,CHI - Roseland,"$299,900",5,3.5,"1,300",$231,35 hrs,2024-09-08 22:11:08
12326 S Elizabeth St,Calumet Park,"$250,000",3,2,"1,108",$226,35 hrs,2024-09-08 22:11:08
9607 S La Salle St,CHI - Roseland,"$315,000",4,4,"2,200",$143,34 hrs,2024-09-08 22:11:08
1236 W Diversey Pkwy,CHI - Lake View,"$1,150,000",3,2,"2,300",$500,30 hrs,2024-09-08 22:11:08
418 W 117th St,CHI - West Pullman,"$115,000",3,1,900,$128,26 hrs,2024-09-08 22:11:08
9617 S Genoa Ave,CHI - Washington Heights,"$299,900",6,2,"2,112",$142,26 hrs,2024-09-08 22:11:08
830 W Roscoe St #4,CHI - Lake View,"$550,000",2,2,—,—,25 hrs,2024-09-08 22:11:08
11807 S Peoria St,CHI - West Pullman,"$130,000",3,1,"1,238",$105,24 hrs,2024-09-08 22:11:09
9202 S Parnell Ave,CHI - Washington Heights,"$285,000",4,2,"1,332",$214,24 hrs,2024-09-08 22:11:09
505 N Mcclurg Ct #3705,Parkview Condominiums,"$760,000",2,2,"1,368",$556,24 hrs,2024-09-08 22:11:09
4278 N Marine Dr,CHI - Uptown,"$849,900",3,2.5,"2,400",$354,23 hrs,2024-09-08 22:11:09
314 W 106th Pl,CHI - Roseland,"$125,000",3,1,"1,040",$120,23 hrs,2024-09-08 22:11:09
5525 W Drummond Pl,CHI - Belmont Cragin,"$485,999",4,3,"1,600",$304,23 hrs,2024-09-08 22:11:09
8237 S Fairfield Ave,CHI - Ashburn,"$466,000",5,3,"2,640",$177,23 hrs,2024-09-08 22:11:09
6701 N Milwaukee Ave #403,Bunker Hill,"$289,900",2,2,"1,295",$224,23 hrs,2024-09-08 22:11:09
10812 S Longwood Dr,CHI - Morgan Park,"$814,900",5,3,"6,721",$121,23 hrs,2024-09-08 22:11:09
1122 W Armitage Ave Unit P7,CHI - Lincoln Park,$100,—,—,—,—,23 hrs,2024-09-08 22:11:09
1600 N New England Ave #4,CHI - Austin,"$475,000",2,2,"1,710",$278,22 hrs,2024-09-08 22:11:10
1621 S Lawndale Ave,CHI - North Lawndale,"$366,000",15,6,—,—,21 hrs,2024-09-08 22:11:10
4910 W Van Buren St,CHI - Austin,"$350,000",6,3,—,—,21 hrs,2024-09-08 22:11:10
2248 W 80th St,CHI - Ashburn,"$340,000",6,2.5,"1,235",$275,21 hrs,2024-09-08 22:11:10
340 E Randolph St E #1106,CHI - Loop,"$555,000",1,1.5,"1,244",$446,21 hrs,2024-09-08 22:11:10
1242 W Winnemac Ave,-,"$1,200,000",12,5,—,—,21 hrs,2024-09-08 22:11:10
4426 N Greenview Ave,CHI - Uptown,"$1,550,000",4,3.5,"2,500",$620,21 hrs,2024-09-08 22:11:10
6445 S Long Ave,CHI - Clearing,"$250,000",2,2,843,$297,21 hrs,2024-09-08 22:11:10
6833 N Kedzie Ave #205,Winston Towers,"$140,000",1,1,950,$147,21 hrs,2024-09-08 22:11:41
7148 S Cornell Ave,CHI - South Shore,"$469,000",6,4.5,—,—,20 hrs,2024-09-08 22:11:42
7958 S Lowe Ave,CHI - Auburn Gresham,"$235,000",3,2,950,$247,20 hrs,2024-09-08 22:11:12
234 W Polk St #2506,CHI - Loop,"$500,000",1,1,740,$676,20 hrs,2024-09-08 22:11:12
234 W Polk St #2301,CHI - Loop,"$700,000",2,2,"1,310",$534,20 hrs,2024-09-08 22:11:12
234 W Polk St #2412,CHI - Loop,"$750,000",2,2,"1,165",$644,19 hrs,2024-09-08 22:11:12
234 W Polk St #2810,CHI - Loop,"$700,000",2,2,"1,085",$645,19 hrs,2024-09-08 22:11:12
2808 E 93rd St,CHI - Calumet Heights,"$85,000",3,1,660,$129,19 hrs,2024-09-08 22:11:12
720 W Gordon Ter Unit 20C,CHI - Uptown,"$319,000",2,2,"1,150",$277,18 hrs,2024-09-08 22:11:12
1525 N Claremont Ave Unit 1A,CHI - West Town,"$385,000",2,2,—,—,18 hrs,2024-09-08 22:11:12
88 W Schiller St Unit 1204L,CHI - Near North Side,"$385,000",2,1,850,$453,17 hrs,2024-09-08 22:11:12
342 N Austin Blvd #3,Oak Park,"$199,000",2,1,"1,150",$173,17 hrs,2024-09-08 22:11:12
1655 S Ridgeway Ave,CHI - North Lawndale,"$250,000",9,3,—,—,17 hrs,2024-09-08 22:11:13
6200 N Claremont Ave #2,CHI - West Ridge,"$229,000",2,2,"1,168",$196,16 hrs,2024-09-08 22:11:13
10805 S Pulaski Rd #4,CHI - Mount Greenwood,"$160,000",2,1,—,—,16 hrs,2024-09-08 22:11:13
11624 S Church St,CHI - Morgan Park,"$210,000",4,1,"1,496",$140,14 hrs,2024-09-08 22:11:13
228 N Leclaire Ave,CHI - Austin,"$599,999",7,3,—,—,13 hrs,2024-09-08 22:11:13
6741 N Oketo Ave,CHI - Edison Park,"$479,900",3,1.5,"1,517",$316,13 hrs,2024-09-08 22:11:13
6415 S Kilpatrick Ave,CHI - Clearing,"$235,000",3,1,"1,039",$226,13 hrs,2024-09-08 22:11:13
6831 S Oakley Ave,CHI - Chicago Lawn,"$287,900",4,2,"1,796",$160,13 hrs,2024-09-08 22:11:13
1700 E 56th St #2201,CHI - Hyde Park,"$425,000",3,3,"1,600",$266,12 hrs,2024-09-08 22:11:13
5413 S Mulligan Ave,CHI - Garfield Ridge,"$475,000",5,3.5,"2,800",$170,12 hrs,2024-09-08 22:11:14
5300 S Wabash Ave,CHI - Washington Park,"$799,900",8,3,—,—,12 hrs,2024-09-08 22:11:14
7141 S Greenwood Ave,CHI - Greater Grand Crossing,"$209,900",4,2,—,—,12 hrs,2024-09-08 22:11:14
345 N Lasalle Blvd #608,CHI - Near North Side,"$315,000",1,1,—,—,11 hrs,2024-09-08 22:11:14
6257 S Newland Ave Unit 2N,CHI - Clearing,"$237,900",2,2,"1,170",$203,8 hrs,2024-09-08 22:11:14
8134 S King Dr,CHI - Chatham,"$75,000",2,1,"1,200",$63,8 hrs,2024-09-08 22:11:14
7217 S Hermitage Ave,CHI - Englewood,"$270,000",4,2,"2,650",$102,8 hrs,2024-09-08 22:11:14
6901 S Oglesby Ave Unit 3A,CHI - South Shore,"$255,000",3,3,"2,600",$98,42 mins,2024-09-08 22:11:14
6819 S Dorchester Ave,CHI - South Shore,"$267,400",5,2,—,—,12 mins,2024-09-08 22:11:14
