SALE TYPE,SOLD DATE,PROPERTY TYPE,ADDRESS,CITY,STATE OR PROVINCE,ZIP OR POSTAL CODE,PRICE,BEDS,BATHS,LOCATION,SQUARE FEET,LOT SIZE,YEAR BUILT,DAYS ON MARKET,$/SQUARE FEET,HOA/MONTH,STATUS,NEXT OPEN HOUSE START TIME,NEXT OPEN HOUSE END TIME,URL (SEE https://www.redfin.com/buy-a-home/comparative-market-analysis FOR INFO ON PRICING),SOURCE,MLS#,FAVORITE,INTERESTED,LATITUDE,LONGITUDE
MLS Listing,,Single Family Residential,1325 NW 16th St,Boca Raton,FL,33486,899900,3,2.0,Sabal Park,1883,9723,1980,5,478,,Active,September-21-2024 12:00 PM,September-21-2024 03:00 PM,https://www.redfin.com/FL/Boca-Raton/1325-NW-16th-St-33486/home/42306884,Beaches MLS,RX-11020808,N,Y,26.364705,-80.1132181
MLS Listing,,Condo/Co-op,300 NE 20th St #109,Boca Raton,FL,33431,139900,1,1.0,Boca Verde Condo,727,,1965,12,192,302,Active,,,https://www.redfin.com/FL/Boca-Raton/300-NE-20th-St-33431/unit-109/home/173717601,Beaches MLS,F10459945,N,Y,26.3661034,-80.0817783
MLS Listing,,Single Family Residential,10471 Stonebridge Blvd,Boca Raton,FL,33498,1295000,4,4.5,Stonebridge 2,4050,12572,1990,13,320,365,Active,,,https://www.redfin.com/FL/Boca-Raton/10471-Stonebridge-Blvd-33498/home/42117169,Beaches MLS,RX-11018233,N,Y,26.4149605,-80.217064
MLS Listing,,Single Family Residential,21320 Sawmill Ct,Boca Raton,FL,33498,759000,4,2.5,Boca Chase,2728,5933,1989,27,278,172,Active,,,https://www.redfin.com/FL/Boca-Raton/21320-Sawmill-Ct-33498/home/42115266,Beaches MLS,RX-11014672,N,Y,26.4021398,-80.2270076
MLS Listing,,Condo/Co-op,22135 Cocoa Palm Way #261,Boca Raton,FL,33433,329900,3,2.0,Woodhaven Condo,1500,,1979,27,220,593,Active,,,https://www.redfin.com/FL/Boca-Raton/22135-Cocoa-Palm-Way-33433/unit-261/home/42260789,Beaches MLS,RX-11014547,N,Y,26.3483804,-80.1486729
MLS Listing,,Single Family Residential,21991 Altona Dr,Boca Raton,FL,33428,849888,4,3.0,Boca Winds Par G,2269,11289,1995,40,375,139,Active,,,https://www.redfin.com/FL/Boca-Raton/21991-Altona-Dr-33428/home/42120659,Beaches MLS,RX-11011188,N,Y,26.3489208,-80.2503609
MLS Listing,,Single Family Residential,10642 Stonebridge Blvd,Boca Raton,FL,33498,1400000,3,3.5,Stonebridge 02,3080,12502,1988,41,455,675,Active,,,https://www.redfin.com/FL/Boca-Raton/10642-Stonebridge-Blvd-33498/home/42112715,Beaches MLS,F10455094,N,Y,26.4100012,-80.2194344
MLS Listing,,Condo/Co-op,147 Brighton D,Boca Raton,FL,33434,85000,1,1.0,Brighton AT Century Village Condo,600,,1979,47,142,573,Active,,,https://www.redfin.com/FL/Boca-Raton/147-Brighton-D-33434/home/42632206,Beaches MLS,RX-11009143,N,Y,26.384264,-80.1840958
MLS Listing,,Single Family Residential,942 W Camino Real,Boca Raton,FL,33486,619900,3,2.0,Boca Raton Square Unit 1,1345,8251,1958,48,461,,Active,,,https://www.redfin.com/FL/Boca-Raton/942-W-Camino-Real-33486/home/42313051,Beaches MLS,RX-11008869,N,Y,26.3438943,-80.1054985
MLS Listing,,Condo/Co-op,9431 Boca Cove Cir #1001,Boca Raton,FL,33428,264000,2,2.0,Boca Cove Condo,900,,1990,84,293,456,Active,,,https://www.redfin.com/FL/Boca-Raton/9431-Boca-Cove-Cir-33428/unit-1001/home/42277714,Beaches MLS,RX-10999328,N,Y,26.3282024,-80.1933917
MLS Listing,,Single Family Residential,1701 SW 7th St,Boca Raton,FL,33486,799999,4,2.5,Boca Raton Square Unit 19,2199,12273,1975,89,364,,Active,,,https://www.redfin.com/FL/Boca-Raton/1701-SW-7th-St-33486/home/42313099,Beaches MLS,RX-10996025,N,Y,26.3419036,-80.11891
MLS Listing,,Single Family Residential,4081 NW Briarcliff Cir,Boca Raton,FL,33496,2199000,3,3.0,Briarcliff AT Woodfield Country Club,2585,9807,1996,1,851,975,Active,,,https://www.redfin.com/FL/Boca-Raton/4081-NW-Briarcliff-Cir-33496/home/42301013,Beaches MLS,RX-11020634,N,Y,26.4020932,-80.1673502
MLS Listing,,Condo/Co-op,555 NW 4th Ave #2220,Boca Raton,FL,33432,235000,2,2.0,STARLITE CONDO,1056,,1969,1,223,674,Active,,,https://www.redfin.com/FL/Boca-Raton/555-NW-4th-Ave-33432/unit-2220/home/42318947,Stellar MLS as Distributed by MLS Grid,U8251929,N,Y,26.3542985,-80.094186
MLS Listing,,Single Family Residential,21645 Cartagena Dr,Boca Raton,FL,33428,5900000,5,5.5,Boca Grande,4565,218236,1988,1,1292,1000,Active,,,https://www.redfin.com/FL/Boca-Raton/21645-Cartagena-Dr-33428/home/42118477,Beaches MLS,RX-11021786,N,Y,26.3546243,-80.209922
MLS Listing,,Condo/Co-op,9235 SW 8th St #406,Boca Raton,FL,33428,230000,2,2.0,ISLE OF SANDALFOOT CONDO,979,,1981,1,235,518,Active,,,https://www.redfin.com/FL/Boca-Raton/9235-SW-8th-St-33428/unit-406/home/42271631,MARMLS,A11659494,N,Y,26.339811,-80.1890289
MLS Listing,,Condo/Co-op,9261 Vista Del Lago Unit H,Boca Raton,FL,33428,325000,2,2.0,PINES OF BOCA LAGO CONDO,1216,,1980,1,267,1494,Active,,,https://www.redfin.com/FL/Boca-Raton/9261-Vista-del-Lago-33428/unit-H/home/42260620,MARMLS,A11660597,N,Y,26.354181,-80.192741
MLS Listing,,Single Family Residential,170 Royal Palm Way,Boca Raton,FL,33432,12500000,5,6.0,Royal Palm Yacht & Country Club,7207,15187,2020,1,1734,315,Active,,,https://www.redfin.com/FL/Boca-Raton/170-Royal-Palm-Way-33432/home/42323695,Beaches MLS,RX-11021781,N,Y,26.3297133,-80.0889708
MLS Listing,,Condo/Co-op,23385 Barwood Ln S #304,Boca Raton,FL,33428,265000,2,2.0,Pines OF Boca Barwood Condo,1160,,1979,1,228,684,Active,,,https://www.redfin.com/FL/Boca-Raton/23385-Barwood-Ln-S-33428/unit-304/home/42268128,Beaches MLS,RX-11021761,N,Y,26.3284664,-80.196825
MLS Listing,,Single Family Residential,17046 Wandering Wave Ave,Boca Raton,FL,33496,3189000,5,7.0,Lotus,5393,,2020,1,591,505,Active,,,https://www.redfin.com/FL/Boca-Raton/17046-Wandering-Wave-Ave-33496/home/174310459,Beaches MLS,RX-11021743,N,Y,26.4223972,-80.1819922
MLS Listing,,Single Family Residential,7791 La Corniche Cir,Boca Raton,FL,33433,1549000,3,2.5,LA CORNICHE AT BOCA POINT,3028,12367,1991,1,512,525,Active,,,https://www.redfin.com/FL/Boca-Raton/7791-La-Corniche-Cir-33433/home/42265204,MARMLS,A11659964,N,Y,26.3384103,-80.1672171
MLS Listing,,Townhouse,21596 Coronado Ave,Boca Raton,FL,33433,439000,2,2.0,Tiburon II PH II,1176,3598,1985,1,373,265,Active,,,https://www.redfin.com/FL/Boca-Raton/21596-Coronado-Ave-33433/home/42256098,Beaches MLS,RX-11021735,N,Y,26.3560453,-80.1507888
MLS Listing,,Condo/Co-op,585 N Fanshaw N #585,Boca Raton,FL,33434,195000,2,1.5,Century Village Boca Raton,835,,1980,1,234,585,Active,,,https://www.redfin.com/FL/Boca-Raton/585-Fanshaw-N-33434/unit-585/home/80141879,Beaches MLS,RX-11021717,N,Y,26.3846006,-80.1748188
MLS Listing,,Condo/Co-op,9449 Boca Cove Cir #908,Boca Raton,FL,33428,265000,2,2.0,Boca Cove,912,,1990,1,291,530,Active,,,https://www.redfin.com/FL/Boca-Raton/9449-Boca-Cove-Cir-33428/unit-908/home/42270749,Beaches MLS,F10462021,N,Y,26.32819,-80.1940549
MLS Listing,,Condo/Co-op,198 Preston E #198,Boca Raton,FL,33434,105000,1,1.5,Preston At Centuryvillage,720,,1980,1,146,434,Active,,,https://www.redfin.com/FL/Boca-Raton/198-Preston-Way-33434/unit-198/home/190734217,Beaches MLS,F10462020,N,Y,26.393597,-80.178271
MLS Listing,,Condo/Co-op,155 E Boca Raton Rd #907,Boca Raton,FL,33432,2500000,3,2.5,Tower 155 Condo,1819,,2020,1,1374,2423,Pre On-Market,,,https://www.redfin.com/FL/Boca-Raton/155-E-Boca-Raton-Rd-33432/unit-907/home/178023377,Beaches MLS,RX-11021704,N,Y,26.3516561,-80.0844774
MLS Listing,,Condo/Co-op,21698 Cypress Rd Unit 44a,Boca Raton,FL,33433,360000,2,2.0,Horizons OF Boca Lago,1216,,1977,1,296,692,Active,,,https://www.redfin.com/FL/Boca-Raton/21698-Cypress-Rd-33433/unit-44a/home/192595177,Beaches MLS,RX-11021697,N,Y,26.3530217,-80.1778189
MLS Listing,,Single Family Residential,8231 Springlake Dr,Boca Raton,FL,33496,460000,2,2.0,WHISPER WALK SEC E CONDO,1654,,1993,1,278,609,Active,,,https://www.redfin.com/FL/Boca-Raton/8231-Springlake-Dr-33496/home/42239101,MARMLS,A11660555,N,Y,26.3987624,-80.1751843
MLS Listing,,Townhouse,7757 Courtyard Run,Boca Raton,FL,33433,350000,2,2.5,Courtyards At Boca Ii,1284,,1987,1,273,430,Active,,,https://www.redfin.com/FL/Boca-Raton/7757-Courtyard-Run-W-33433/home/42259650,Beaches MLS,F10461980,N,Y,26.3509601,-80.1665549
MLS Listing,,Single Family Residential,9056 Long Lake Palm Dr,Boca Raton,FL,33496,997000,4,2.5,Ponte Vecchio,2703,9514,1993,1,369,583,Active,,,https://www.redfin.com/FL/Boca-Raton/9056-Long-Lake-Palm-Dr-33496/home/42240696,Beaches MLS,RX-11021651,N,Y,26.4071071,-80.1879081
MLS Listing,,Condo/Co-op,3239 Clint Moore Rd #103,Boca Raton,FL,33496,450000,3,2.0,Bocar Condominium,1497,,1991,1,301,829,Active,,,https://www.redfin.com/FL/Boca-Raton/3239-Clint-Moore-Rd-33496/unit-103/home/42601478,Beaches MLS,F10459434,N,Y,26.4080204,-80.1512355
MLS Listing,,Condo/Co-op,72 Preston B #72,Boca Raton,FL,33434,255000,2,1.5,Preston At Century Villag,840,,1981,1,304,150,Active,,,https://www.redfin.com/FL/Boca-Raton/72-Preston-Way-33434/unit-72/home/191986493,Beaches MLS,F10461116,N,Y,26.3934992,-80.179273
MLS Listing,,Condo/Co-op,550 SE 5th Ave Unit 606s,Boca Raton,FL,33432,5500000,3,4.5,Mizner Grand Condo,4213,,1999,1,1305,5019,Active,,,https://www.redfin.com/FL/Boca-Raton/550-SE-5th-Ave-33432/unit-606S/home/42540912,Beaches MLS,RX-11021642,N,Y,26.3438644,-80.077632
MLS Listing,,Condo/Co-op,9165 SW 14th St #1105,Boca Raton,FL,33428,350000,2,2.0,PATIOS OF BOCA BARWOOD CO,1515,,1980,1,231,894,Active,,,https://www.redfin.com/FL/Boca-Raton/9165-SW-14th-St-33428/unit-1105/home/42266139,MARMLS,A11660210,N,Y,26.3365287,-80.1892072
MLS Listing,,Condo/Co-op,3100 S Ocean Blvd #4040,Highland Beach,FL,33487,659000,2,2.0,Penthouse Highlands Condo,1166,,1969,1,565,900,Pre On-Market,,,https://www.redfin.com/FL/Highland-Beach/3100-S-Ocean-Blvd-33487/unit-4040/home/42386804,Beaches MLS,RX-11021640,N,Y,26.4195829,-80.064931
MLS Listing,,Single Family Residential,411 NE 23rd Way,Boca Raton,FL,33431,579000,2,2.0,Winfield Park Unit 2,1292,7499,1958,1,448,,Active,,,https://www.redfin.com/FL/Boca-Raton/411-NE-23rd-Way-33431/home/42315670,Beaches MLS,RX-11020755,N,Y,26.3711113,-80.0788424
MLS Listing,,Condo/Co-op,600 S Ocean Blvd #1207,Boca Raton,FL,33432,1325000,2,2.5,Sabal Shores,1473,,1970,1,900,1930,Active,,,https://www.redfin.com/FL/Boca-Raton/600-S-Ocean-Blvd-33432/unit-1207/home/42325469,Beaches MLS,RX-11021635,N,Y,26.3433567,-80.0709284
MLS Listing,,Single Family Residential,6231 NW 4th Ave,Boca Raton,FL,33487,1700000,4,2.5,Boca Teeca Sec 5,2611,,1994,1,651,,Active,,,https://www.redfin.com/FL/Boca-Raton/6231-NW-4th-Ave-33487/home/42314243,Beaches MLS,RX-11021619,N,Y,26.4052557,-80.0870906
MLS Listing,,Condo/Co-op,9165 SW 14th St #1501,Boca Raton,FL,33428,359900,2,2.5,Patios Of Boca Barwood,1906,,1980,1,189,894,Active,,,https://www.redfin.com/FL/Boca-Raton/9165-SW-14th-St-33428/unit-1501/home/42270685,Beaches MLS,F10460693,N,Y,26.3365287,-80.1892072
MLS Listing,,Condo/Co-op,23156 Fountain Vw Unit E,Boca Raton,FL,33433,490000,3,2.5,Isles Of Boca,1590,,1987,1,308,1150,Active,September-22-2024 12:00 PM,September-22-2024 02:00 PM,https://www.redfin.com/FL/Boca-Raton/23156-Fountain-Vw-33433/unit-E/home/42633358,Beaches MLS,F10461941,N,Y,26.3331403,-80.1358039
MLS Listing,,Single Family Residential,17849 Villa Club Way,Boca Raton,FL,33496,1695000,5,5.0,OAKS AT BOCA RATON 3,4618,7728,2005,1,367,1330,Active,,,https://www.redfin.com/FL/Boca-Raton/17849-Villa-Club-Way-33496/home/42578080,MARMLS,A11660522,N,Y,26.4110972,-80.200274
MLS Listing,,Condo/Co-op,23344 S Carolwood Ln #6403,Boca Raton,FL,33428,249900,2,2.0,Pines Of Boca Barwood Ii,1160,,1984,1,215,567,Active,,,https://www.redfin.com/FL/Boca-Raton/23344-Carolwood-Ln-33428/unit-6403/home/192590700,Beaches MLS,F10461920,N,Y,26.3293772,-80.1975877
MLS Listing,,Single Family Residential,7098 Ayrshire Ln,Boca Raton,FL,33496,7249000,5,6.5,ST Andrews Country Club,6353,20038,2014,1,1141,614,Active,,,https://www.redfin.com/FL/Boca-Raton/7098-Ayrshire-Ln-33496/home/42239894,Beaches MLS,RX-11021538,N,Y,26.4144761,-80.1556691
MLS Listing,,Townhouse,736 Saint Albans Dr,Boca Raton,FL,33486,809900,3,2.5,Lands End,2043,5232,1981,1,396,821,Active,,,https://www.redfin.com/FL/Boca-Raton/736-Saint-Albans-Dr-33486/home/42327916,Beaches MLS,RX-11021536,N,Y,26.3638578,-80.1036881
MLS Listing,,Condo/Co-op,775 Jeffery St Unit 5-306,Boca Raton,FL,33487,449900,2,2.0,French Village Condo,925,213638,1976,1,486,628,Pre On-Market,,,https://www.redfin.com/FL/Boca-Raton/775-Jeffery-St-33487/unit-5-306/home/42313782,Beaches MLS,RX-11021530,N,Y,26.4037458,-80.0732229
MLS Listing,,Single Family Residential,17211 Coral Cove Way,Boca Raton,FL,33496,2999000,4,4.0,Coral Cove / Polo Club,3476,15172,1989,1,863,583,Active,,,https://www.redfin.com/FL/Boca-Raton/17211-Coral-Cove-Way-33496/home/42235740,Beaches MLS,RX-11021521,N,Y,26.4208594,-80.1421283
MLS Listing,,Single Family Residential,21604 Yellowstone Park Dr,Boca Raton,FL,33428,565000,3,2.5,Rainberry Park,1896,5248,1986,1,298,170,Active,,,https://www.redfin.com/FL/Boca-Raton/21604-Yellowstone-Park-Dr-33428/home/42253931,Beaches MLS,RX-11021519,N,Y,26.3569481,-80.1975674
MLS Listing,,Condo/Co-op,7186 Promenade Dr #201,Boca Raton,FL,33433,649000,3,3.0,PROMENADE AT BOCA POINTE,1870,,1985,1,347,1333,Active,,,https://www.redfin.com/FL/Boca-Raton/7186-Promenade-Dr-33433/unit-201/home/42269003,MARMLS,A11657579,N,Y,26.3351786,-80.1565169
MLS Listing,,Single Family Residential,8437 Summer Field Pl,Boca Raton,FL,33433,589000,3,2.0,Country Pk/boca Raton 01,1103,6785,1984,2,534,107,Active,,,https://www.redfin.com/FL/Boca-Raton/8437-Summer-Field-Pl-33433/home/42632574,Beaches MLS,F10461856,N,Y,26.3288932,-80.177091
MLS Listing,,Townhouse,559 NW 39th Cir Cir,Boca Raton,FL,33431,579000,3,3.5,Vistazo,2334,,2007,2,248,349,Active,,,https://www.redfin.com/FL/Boca-Raton/559-NW-39th-Cir-33431/home/42595321,Beaches MLS,RX-11021445,N,Y,26.3857155,-80.0946998
MLS Listing,,Condo/Co-op,2053 Cornwall Unit C,Boca Raton,FL,33434,139000,1,1.5,Century Village,738,,1979,2,188,711,Active,,,https://www.redfin.com/FL/Boca-Raton/2053-Cornwall-E-33434/unit-C/home/192580914,Beaches MLS,F10461832,N,Y,26.3848423,-80.1813049
MLS Listing,,Single Family Residential,5791 NW 38th Ter,Boca Raton,FL,33496,2495000,5,4.5,Regents Square,3219,6325,1993,2,775,825,Active,,,https://www.redfin.com/FL/Boca-Raton/5791-Regency-Cir-W-33496/home/42306368,Beaches MLS,RX-11021433,N,Y,26.3997948,-80.1642697
MLS Listing,,Single Family Residential,920 SW 11th Ter,Boca Raton,FL,33486,1499000,3,2.0,Boca Raton Square,1861,,1969,2,805,,Active,September-21-2024 10:00 AM,September-21-2024 03:00 PM,https://www.redfin.com/FL/Boca-Raton/920-SW-11th-Ter-33486/home/42307750,Beaches MLS,F10461605,N,Y,26.3416706,-80.1095999
MLS Listing,,Single Family Residential,400 NE 4th St,Boca Raton,FL,33432,6250000,5,5.0,Ocean Heights,5645,10298,2023,2,1107,,Active,,,https://www.redfin.com/FL/Boca-Raton/400-NE-4th-St-33432/home/42325279,Beaches MLS,RX-11021408,N,Y,26.3539662,-80.0795259
MLS Listing,,Condo/Co-op,9264 Vista Del Lago Unit H,Boca Raton,FL,33428,259000,2,2.0,Pines OF Boca Lago Condo,1216,,1980,2,213,747,Active,,,https://www.redfin.com/FL/Boca-Raton/9264-Vista-del-Lago-33428/unit-H/home/42261110,Beaches MLS,RX-11021403,N,Y,26.354181,-80.192741
MLS Listing,,Condo/Co-op,22100 Palms Way #204,Boca Raton,FL,33433,325000,2,2.0,Boca Palms Condo I Thru IV,958,,1985,2,339,417,Active,,,https://www.redfin.com/FL/Boca-Raton/22100-Palms-Way-33433/unit-204/home/42264220,Beaches MLS,RX-11021372,N,Y,26.3499487,-80.1416808
MLS Listing,,Single Family Residential,6299 Hollandaire Dr E,Boca Raton,FL,33433,749900,4,2.0,Amberwoods OF Boca 1st Add,1950,12201,1979,2,385,40,Pre On-Market,September-28-2024 01:00 PM,September-28-2024 03:00 PM,https://www.redfin.com/FL/Boca-Raton/6299-Hollandaire-Dr-E-33433/home/42257392,Beaches MLS,RX-11021362,N,Y,26.3573412,-80.1422528
MLS Listing,,Single Family Residential,850 Elderberry Way,Boca Raton,FL,33486,1550000,3,2.5,CAMINO GARDENS SEC 1,2056,8256,1964,2,754,63,Active,,,https://www.redfin.com/FL/Boca-Raton/850-Elderberry-Way-33486/home/42326658,MARMLS,A11660043,N,Y,26.3420735,-80.0989624
MLS Listing,,Condo/Co-op,8410 Casa Del Lago Unit L,Boca Raton,FL,33433,395000,3,2.0,Fairways OF Boca Lago Condo,1411,,1979,2,280,705,Pre On-Market,,,https://www.redfin.com/FL/Boca-Raton/8410-Casa-del-Lago-33433/unit-L/home/42252599,Beaches MLS,RX-11021343,N,Y,26.3579389,-80.177547
MLS Listing,,Single Family Residential,5168 NW 26th Cir,Boca Raton,FL,33496,750000,2,2.0,Laurel Pointe,1948,4100,1992,2,385,738,Active,,,https://www.redfin.com/FL/Boca-Raton/5168-NW-26th-Cir-33496/home/42297658,Beaches MLS,RX-11021339,N,Y,26.3947039,-80.142444
MLS Listing,,Condo/Co-op,9287 Vista Del Lago Unit B,Boca Raton,FL,33428,325000,2,2.0,Pines OF Boca Lago Condo,1216,,1980,2,267,747,Pre On-Market,,,https://www.redfin.com/FL/Boca-Raton/9287-Vista-del-Lago-33428/unit-B/home/42253151,Beaches MLS,RX-11021336,N,Y,26.3550449,-80.1930449
MLS Listing,,Townhouse,19470 Waters Reach Ln #704,Boca Raton,FL,33434,925000,3,2.5,Waters Reach AT Boca West PH 2,1975,5367,1983,2,468,730,Active,,,https://www.redfin.com/FL/Boca-Raton/19470-Waters-Reach-Ln-33434/unit-704/home/42248465,Beaches MLS,RX-11021332,N,Y,26.3936764,-80.1635498
MLS Listing,,Townhouse,1400 NW 9th Ave Unit C-15,Boca Raton,FL,33486,375000,2,2.0,Woodlet Condo,1200,,1980,2,313,766,Active,,,https://www.redfin.com/FL/Boca-Raton/1400-NW-9th-Ave-33486/unit-C15/home/42319967,Beaches MLS,RX-11021286,N,Y,26.3625211,-80.1032995
MLS Listing,,Single Family Residential,23213 Boca Club Colony Cir,Boca Raton,FL,33433,799000,4,3.0,Colony AT Lermitage,2521,7724,1986,2,317,220,Active,,,https://www.redfin.com/FL/Boca-Raton/23213-Boca-Club-Colony-Cir-33433/home/42273110,Beaches MLS,RX-11021273,N,Y,26.3326862,-80.1409592
MLS Listing,,Single Family Residential,22759 Royal Crown Ter E,Boca Raton,FL,33433,520000,3,2.0,Boca Pines 2,1714,7135,1996,2,303,297,Active,September-21-2024 11:00 AM,September-21-2024 02:00 PM,https://www.redfin.com/FL/Boca-Raton/22759-Royal-Crown-Ter-E-33433/home/42265319,Beaches MLS,RX-11019556,N,Y,26.3378607,-80.1811036
MLS Listing,,Single Family Residential,285 NW Nw 6th Street St,Boca Raton,FL,33432,6800000,5,5.5,Spanish Village IN,5637,22650,2004,2,1206,,Active,,,https://www.redfin.com/FL/Boca-Raton/285-NW-6th-St-33432/home/104506392,Beaches MLS,RX-11021227,N,Y,26.3561298,-80.0920349
MLS Listing,,Single Family Residential,2343 Date Palm Rd,Boca Raton,FL,33432,4850000,3,3.0,Royal Palm Yacht & Country Club,3882,12268,2019,2,1249,315,Active,,,https://www.redfin.com/FL/Boca-Raton/2343-Date-Palm-Rd-33432/home/42325906,Beaches MLS,RX-11019669,N,Y,26.3273467,-80.0860724
MLS Listing,,Condo/Co-op,6317 Casabella Ln,Boca Raton,FL,33433,675000,3,2.5,Camino Woods,1860,6848,1979,2,363,375,Active,,,https://www.redfin.com/FL/Boca-Raton/6317-Casabella-Ln-33433/home/42261940,Beaches MLS,RX-11019415,N,Y,26.3435552,-80.1426866
MLS Listing,,Single Family Residential,8230 Springtree Rd Unit B,Boca Raton,FL,33496,385000,2,2.0,Whisper Walk,1148,,1989,3,335,542,Active,,,https://www.redfin.com/FL/Boca-Raton/8230-Springtree-Rd-33496/unit-B/home/192567425,Beaches MLS,F10461221,N,Y,26.3950735,-80.1766877
MLS Listing,,Condo/Co-op,1100 NW 13th St Unit 292 D,Boca Raton,FL,33486,410000,2,2.0,Boca Linda West,978,,1973,3,419,531,Active,,,https://www.redfin.com/FL/Boca-Raton/1100-NW-13th-St-33486/unit-292D/home/42305656,Beaches MLS,RX-11021137,N,Y,26.3607659,-80.1081232
MLS Listing,,Condo/Co-op,17031 Boca Club 085a Blvd Unit 085a,Boca Raton,FL,33487,720000,2,2.5,Spyglass Walk,2004,,1987,3,359,1331,Active,,,https://www.redfin.com/FL/Boca-Raton/17031-Boca-Club-Blvd-33487/unit-85A/home/42302026,Beaches MLS,RX-11021132,N,Y,26.4175781,-80.1032702
MLS Listing,,Condo/Co-op,6805 Willow Wood Dr #5014,Boca Raton,FL,33434,395000,2,2.0,Willow Wood Midrise,1330,,1981,3,297,940,Active,,,https://www.redfin.com/FL/Boca-Raton/6805-Willow-Wood-Dr-33434/unit-5014/home/42254891,Beaches MLS,RX-11021116,N,Y,26.3751395,-80.1489924
MLS Listing,,Townhouse,8753 Bella Vista Dr,Boca Raton,FL,33433,289900,2,2.0,Boca Lakes Condo,1332,,1979,3,218,539,Active,,,https://www.redfin.com/FL/Boca-Raton/8753-Bella-Vista-Dr-33433/home/42257346,Beaches MLS,RX-11021117,N,Y,26.365295,-80.182776
MLS Listing,,Condo/Co-op,185 E Brighton E #185,Boca Raton,FL,33434,169900,2,1.5,BRIGHTON AT CENTURY VILLA,840,,1979,3,202,699,Active,,,https://www.redfin.com/FL/Boca-Raton/185-Brighton-E-33434/unit-185/home/189956307,MARMLS,A11659688,N,Y,26.3837578,-80.1834477
MLS Listing,,Condo/Co-op,6315 La Costa Dr Unit A,Boca Raton,FL,33433,315000,2,2.0,Addison Pointe AT Boca Raton Condo,981,,1991,3,321,546,Active,,,https://www.redfin.com/FL/Boca-Raton/6315-La-Costa-Dr-33433/unit-A/home/42602735,Beaches MLS,RX-11021115,N,Y,26.3414628,-80.1407431
MLS Listing,,Single Family Residential,20023 Waters Edge Dr,Boca Raton,FL,33434,1150000,4,3.5,Waters Edge AT Boca West 3,2840,4955,1989,3,405,850,Active,,,https://www.redfin.com/FL/Boca-Raton/20023-Waters-Edge-Dr-33434/home/42249750,Beaches MLS,RX-11021095,N,Y,26.3785506,-80.1517958
MLS Listing,,Condo/Co-op,9233 SW 8th St #307,Boca Raton,FL,33428,193000,2,2.0,ISLE OF SANDALFOOT CONDO,979,,1975,3,197,420,Active,,,https://www.redfin.com/FL/Boca-Raton/9233-SW-8th-St-33428/unit-307/home/42271185,MARMLS,A11659647,N,Y,26.3393631,-80.1907765
MLS Listing,,Townhouse,6709 Woodbridge Dr,Boca Raton,FL,33434,1425000,3,3.0,Cypress Walk AT Boca West,2370,2856,1987,3,601,750,Active,,,https://www.redfin.com/FL/Boca-Raton/6709-Woodbridge-Dr-33434/home/42249574,Beaches MLS,RX-11021081,N,Y,26.3715112,-80.1484488
MLS Listing,,Single Family Residential,10690 Bexley Blvd,Boca Raton,FL,33428,695000,4,3.0,Mission Bay Tr H Ph 01,2495,5007,1994,3,279,233,Active,,,https://www.redfin.com/FL/Boca-Raton/10690-Bexley-Blvd-33428/home/42126521,Beaches MLS,F10461524,N,Y,26.3650737,-80.2141056
MLS Listing,,Single Family Residential,6634 NW 25th Way,Boca Raton,FL,33496,450000,3,2.5,Banyans,1770,5050,1997,3,254,600,Active,,,https://www.redfin.com/FL/Boca-Raton/6634-NW-25th-Way-33496/home/42306186,Beaches MLS,RX-11020791,N,Y,26.4083313,-80.1393955
MLS Listing,,Townhouse,424 Ashwood Pl,Boca Raton,FL,33431,469000,2,2.0,Windwood Unit I,1384,2535,1982,4,339,830,Active,,,https://www.redfin.com/FL/Boca-Raton/424-Ashwood-Pl-33431/home/42315703,Beaches MLS,RX-11021057,N,Y,26.376477,-80.091201
MLS Listing,,Condo/Co-op,3023 Newcastle Unit B,Boca Raton,FL,33434,159500,2,2.0,Century Village,896,,1981,4,178,790,Active,,,https://www.redfin.com/FL/Boca-Raton/3023-Newcastle-B-33434/unit-B/home/172883869,Beaches MLS,RX-11021043,N,Y,26.389966,-80.1756715
MLS Listing,,Single Family Residential,3799 NW 2nd Ct,Boca Raton,FL,33431,775000,3,2.0,Vista Hills,1471,8664,1971,4,527,,Active,,,https://www.redfin.com/FL/Boca-Raton/3799-NW-2nd-Ct-33431/home/42322983,Beaches MLS,RX-11021032,N,Y,26.3842573,-80.0863875
MLS Listing,,Single Family Residential,6499 Enclave Way,Boca Raton,FL,33496,3695000,6,6.5,Enclave AT Woodfield Country Club,4621,16765,1999,4,800,1166,Active,,,https://www.redfin.com/FL/Boca-Raton/6499-Enclave-Way-33496/home/42303613,Beaches MLS,RX-11021021,N,Y,26.405957,-80.1658764
MLS Listing,,Single Family Residential,6436 Via Rosa,Boca Raton,FL,33433,759000,3,2.0,VILLA FLORA AT BOCA POINTE,2238,5500,1988,4,339,470,Active,,,https://www.redfin.com/FL/Boca-Raton/6436-Via-Rosa-33433/home/42261022,MARMLS,A11659456,N,Y,26.3372622,-80.1436997
MLS Listing,,Condo/Co-op,6097 Balboa Cir #103,Boca Raton,FL,33433,310000,2,2.0,Whitehall Condo AT Camino Real,1313,,1985,4,236,608,Active,,,https://www.redfin.com/FL/Boca-Raton/6097-Balboa-Cir-33433/unit-103/home/42261859,Beaches MLS,RX-11020951,N,Y,26.3458316,-80.13934
MLS Listing,,Single Family Residential,6450 Brava Way,Boca Raton,FL,33433,799900,3,2.5,Costa Brava,2564,,1995,4,312,485,Active,,,https://www.redfin.com/FL/Boca-Raton/6450-Brava-Way-33433/home/42274742,Beaches MLS,RX-11020934,N,Y,26.330097,-80.1468441
MLS Listing,,Single Family Residential,4126 Birchwood Dr,Boca Raton,FL,33487,985000,3,2.0,Pheasant Walk Sec 6,1600,9776,1984,4,616,107,Pre On-Market,,,https://www.redfin.com/FL/Boca-Raton/4126-Birchwood-Dr-33487/home/42237368,Beaches MLS,RX-11020931,N,Y,26.4162123,-80.106536
MLS Listing,,Townhouse,23320 SW 58th Ave Unit B,Boca Raton,FL,33428,444000,3,2.0,Sandalfoot Cove Sec 12,1503,3746,1986,4,295,426,Active,,,https://www.redfin.com/FL/Boca-Raton/23320-SW-58th-Ave-33428/unit-B/home/42275340,Beaches MLS,RX-11019210,N,Y,26.329168,-80.1872014
MLS Listing,,Single Family Residential,2270 NE 2nd Ave,Boca Raton,FL,33431,625000,3,2.0,Winfield Park Unit 2,1476,7687,1964,5,423,,Pre On-Market,September-21-2024 01:00 PM,September-21-2024 03:00 PM,https://www.redfin.com/FL/Boca-Raton/2270-NE-2nd-Ave-33431/home/42322707,Beaches MLS,RX-11020869,N,Y,26.3704765,-80.0833356
MLS Listing,,Townhouse,333 Eastwood Ter,Boca Raton,FL,33431,599000,3,2.5,Windwood Unit II,2177,2805,1990,5,275,550,Pre On-Market,,,https://www.redfin.com/FL/Boca-Raton/333-Eastwood-Ter-33431/home/42316017,Beaches MLS,RX-11020860,N,Y,26.3750591,-80.0889823
MLS Listing,,Condo/Co-op,6703 Via Regina,Boca Raton,FL,33433,375000,2,2.0,Plum AT Boca Pointe Condos One Thru 15 Filed IN OR,1126,,1987,5,333,565,Pre On-Market,,,https://www.redfin.com/FL/Boca-Raton/6703-Via-Regina-33433/home/42280334,Beaches MLS,RX-11020846,N,Y,26.33435,-80.146706
MLS Listing,,Condo/Co-op,1038 Lincoln B,Boca Raton,FL,33434,250000,2,2.0,Lincoln AT Century Village Condo,1198,,1981,5,209,969,Active,,,https://www.redfin.com/FL/Boca-Raton/1038-Lincoln-B-33434/home/42249865,Beaches MLS,RX-11020842,N,Y,26.3891314,-80.1727027
MLS Listing,,Single Family Residential,994 Walnut Ter,Boca Raton,FL,33486,1375000,3,2.0,Camino Gardens,1758,8799,1968,5,782,63,Active,,,https://www.redfin.com/FL/Boca-Raton/994-Walnut-Ter-33486/home/42324927,Beaches MLS,RX-11020785,N,Y,26.3411464,-80.1034933
MLS Listing,,Condo/Co-op,455 N Canal Pt #108,Delray Beach,FL,33444,350000,2,2.5,Point At Delray Condo,1558,,1984,5,225,923,Active,,,https://www.redfin.com/FL/Delray-Beach/455-Canal-Pt-N-33444/unit-108/home/45090729,Beaches MLS,F10461379,N,Y,26.4240121,-80.0771476
MLS Listing,,Condo/Co-op,9135 Passiflora Way #102,Boca Raton,FL,33428,745000,2,2.0,Boca Flores Condo,1916,,2021,5,389,778,Active,,,https://www.redfin.com/FL/Boca-Raton/9135-Passiflora-Way-33428/unit-102/home/184423704,Beaches MLS,RX-11020745,N,Y,26.354293,-80.189014
MLS Listing,,Single Family Residential,10295 W Boca Bnd W,Boca Raton,FL,33428,349900,2,2.0,BOCA BEND,1068,,1985,5,328,200,Active,,,https://www.redfin.com/FL/Boca-Raton/10295-Boca-Bnd-W-33428/home/187374542,MARMLS,A11659034,N,Y,26.3351773,-80.2072289
MLS Listing,,Condo/Co-op,485 E Royal Palm Rd #203,Boca Raton,FL,33432,3180000,3,3.5,ROYAL PALM RESIDENCES,2425,,2024,5,1311,2268,Active,,,https://www.redfin.com/FL/Boca-Raton/485-E-Royal-Palm-Rd-33432/unit-203/home/192541009,MARMLS,A11652184,N,Y,26.3499175,-80.0779249
MLS Listing,,Single Family Residential,901 SW 12th Ave,Boca Raton,FL,33486,925000,3,2.0,Boca Raton Square,1639,9172,1969,5,564,,Active,,,https://www.redfin.com/FL/Boca-Raton/901-SW-12th-Ave-33486/home/42308231,Beaches MLS,RX-11020693,N,Y,26.3414722,-80.1110151
MLS Listing,,Single Family Residential,6425 Casabella Ln,Boca Raton,FL,33433,575000,3,2.0,Camino Woods I,1860,6510,1979,5,309,370,Active,,,https://www.redfin.com/FL/Boca-Raton/6425-Casabella-Ln-33433/home/42267387,Beaches MLS,RX-11020691,N,Y,26.3434096,-80.1444384
MLS Listing,,Condo/Co-op,171 E Mansfield Unit 171-E,Boca Raton,FL,33434,140000,1,1.5,MANSFIELD AT CENTURY VILL,720,,1980,5,194,503,Active,,,https://www.redfin.com/FL/Boca-Raton/171-Mansfield-E-33434/unit-171/home/175578566,MARMLS,A11657815,N,Y,26.393597,-80.175797
MLS Listing,,Condo/Co-op,7802 Lakeside Blvd #755,Boca Raton,FL,33434,679000,2,2.0,Lakewood,1396,,1976,5,486,903,Active,,,https://www.redfin.com/FL/Boca-Raton/7802-Lakeside-Blvd-33434/unit-755/home/42256307,Beaches MLS,RX-11020646,N,Y,26.3816292,-80.1655884
MLS Listing,,Single Family Residential,5313 NW 21st Ave,Boca Raton,FL,33496,989500,3,2.0,Whisper Trace,1925,11007,1987,5,514,641,Active,,,https://www.redfin.com/FL/Boca-Raton/5313-NW-21st-Ave-33496/home/42298157,Beaches MLS,RX-11020613,N,Y,26.3969403,-80.1290116
MLS Listing,,Condo/Co-op,185 Preston E,Boca Raton,FL,33434,110000,1,1.5,Century Village,715,,1981,5,154,434,Active,,,https://www.redfin.com/FL/Boca-Raton/185-Preston-E-33434/home/42243461,Beaches MLS,RX-11020568,N,Y,26.393597,-80.178271
MLS Listing,,Condo/Co-op,7819 Lakeside Blvd #886,Boca Raton,FL,33434,100000,2,2.0,Lakewood,1050,,1976,5,95,796,Active,,,https://www.redfin.com/FL/Boca-Raton/7819-Lakeside-Blvd-33434/unit-886/home/42255808,Beaches MLS,RX-11020558,N,Y,26.3795973,-80.1684973
MLS Listing,,Single Family Residential,2780 NW 69th St,Boca Raton,FL,33496,3575000,5,5.5,Royal Palm Polo Plat,4741,10781,2023,5,754,711,Active,,,https://www.redfin.com/FL/Boca-Raton/2780-NW-69th-St-33496/home/174315656,Beaches MLS,RX-11020552,N,Y,26.409682,-80.1452352
MLS Listing,,Condo/Co-op,701 E Camino Real Unit 2e,Boca Raton,FL,33432,1089000,2,2.0,Boca Inlet Condo,1284,,1965,6,848,1642,Active,,,https://www.redfin.com/FL/Boca-Raton/701-E-Camino-Real-33432/unit-2E/home/42325666,Beaches MLS,RX-11020514,N,Y,26.3394591,-80.0763008
MLS Listing,,Condo/Co-op,9165 SW 14th St #1409,Boca Raton,FL,33428,270000,2,2.5,Patios Of Boca Barwood,1906,,1980,6,142,894,Active,,,https://www.redfin.com/FL/Boca-Raton/9165-SW-14th-St-33428/unit-1409/home/42268656,Beaches MLS,F10461202,N,Y,26.3365287,-80.1892072
MLS Listing,,Single Family Residential,6253 NW 23rd Rd,Boca Raton,FL,33434,1199900,3,2.5,"Glades Landing 4, Santa Barbara",2434,8358,1991,6,493,665,Active,,,https://www.redfin.com/FL/Boca-Raton/6253-NW-23rd-Rd-33434/home/42584169,Beaches MLS,RX-11020496,N,Y,26.3708404,-80.1421107
MLS Listing,,Single Family Residential,7415 Panache Way,Boca Raton,FL,33433,650000,4,2.5,Boca Pointe,2634,,1993,6,247,425,Active,,,https://www.redfin.com/FL/Boca-Raton/7415-Panache-Way-33433/home/42275144,Beaches MLS,RX-11020484,N,Y,26.3330035,-80.1585072
MLS Listing,,Single Family Residential,8803 SW 11th St,Boca Raton,FL,33433,628000,3,2.0,Sandalfoot Cove Sec 7 And,1811,6500,1978,6,347,,Pre On-Market,,,https://www.redfin.com/FL/Boca-Raton/8803-SW-11th-St-33433/home/42273521,Beaches MLS,F10460916,N,Y,26.3368067,-80.1833325
MLS Listing,,Condo/Co-op,600 SW 2nd Ave #2390,Boca Raton,FL,33432,185000,1,1.0,Boca Towne Centre Condo,512,365,1971,6,361,325,Active,,,https://www.redfin.com/FL/Boca-Raton/600-SW-2nd-Ave-33432/unit-2390/home/102845656,Beaches MLS,RX-11020447,N,Y,26.3444099,-80.0894157
MLS Listing,,Condo/Co-op,4750 S Ocean Blvd #605,Highland Beach,FL,33487,980000,2,2.0,Aberdeen Arms Condo,1412,111057,1971,6,694,1505,Active,,,https://www.redfin.com/FL/Highland-Beach/4750-S-Ocean-Blvd-33487/unit-605/home/42397348,Beaches MLS,RX-11020439,N,Y,26.3914265,-80.0695166
MLS Listing,,Condo/Co-op,6308 Graycliff Dr Unit D,Boca Raton,FL,33496,675000,3,3.0,Coquina Isle / Polo Club,2709,,2001,6,249,850,Active,,,https://www.redfin.com/FL/Boca-Raton/6308-Graycliff-Dr-33496/unit-D/home/42561311,Beaches MLS,RX-11020427,N,Y,26.423813,-80.1452127
MLS Listing,,Townhouse,8273 Severn Dr Unit C,Boca Raton,FL,33433,374900,2,2.5,Bermuda Isles,1302,,1986,6,288,332,Active,,,https://www.redfin.com/FL/Boca-Raton/8273-Severn-Dr-33433/unit-C/home/42267543,Beaches MLS,F10460329,N,Y,26.3388772,-80.1750225
MLS Listing,,Single Family Residential,551 NE Waterway Ln,Boca Raton,FL,33432,7999999,4,5.5,Golden Harbour,5683,14355,2017,6,1408,,Active,,,https://www.redfin.com/FL/Boca-Raton/551-NE-Waterway-Ln-33432/home/42330666,Beaches MLS,RX-11020389,N,Y,26.3629055,-80.0761398
MLS Listing,,Condo/Co-op,5201 NW 2nd Ave #3160,Boca Raton,FL,33487,275000,2,2.0,Boca Teeca 7 Condo,1300,,1974,6,212,617,Active,,,https://www.redfin.com/FL/Boca-Raton/5201-NW-2nd-Ave-33487/unit-3160/home/42312690,Beaches MLS,RX-11020359,N,Y,26.3967121,-80.0845933
MLS Listing,,Single Family Residential,22349 Treetop Cir,Boca Raton,FL,33433,549000,3,2.0,Cameo Woods Condo,1658,,1979,6,331,314,Active,,,https://www.redfin.com/FL/Boca-Raton/22349-Treetop-Cir-33433/home/192523040,Beaches MLS,F10458346,N,Y,26.3451321,-80.1308202
MLS Listing,,Single Family Residential,385 Knob Hill Blvd,Boca Raton,FL,33431,550000,2,2.5,Knob Hill Sub,2096,4457,2006,6,262,235,Active,,,https://www.redfin.com/FL/Boca-Raton/385-Knob-Hill-Blvd-33431/home/42562754,Beaches MLS,RX-11020337,N,Y,26.3887234,-80.0904412
MLS Listing,,Single Family Residential,10762 Stonebridge Blvd,Boca Raton,FL,33498,1250000,4,3.5,STONEBRIDGE,3192,12920,1988,6,392,365,Active,,,https://www.redfin.com/FL/Boca-Raton/10762-Stonebridge-Blvd-33498/home/42668288,MARMLS,A11651239,N,Y,26.4099932,-80.2108236
MLS Listing,,Condo/Co-op,4036 W Cornwall B E #4036,Boca Raton,FL,33434,164900,2,1.5,Cornwall AT Century Village Condo,880,,1979,6,187,498,Active,,,https://www.redfin.com/FL/Boca-Raton/4036-W-Cornwall-B-E-33434/unit-4036/home/192518004,Beaches MLS,RX-11020292,N,Y,26.385885,-80.181159
MLS Listing,,Condo/Co-op,21791 Arriba Real F Unit 14 F,Boca Raton,FL,33433,369900,2,2.0,Glades OF Boca Lago,1336,,1979,6,277,668,Pre On-Market,,,https://www.redfin.com/FL/Boca-Raton/21791-Arriba-Real-33433/unit-14-F/home/192515828,Beaches MLS,RX-11020248,N,Y,26.3518229,-80.1841724
MLS Listing,,Single Family Residential,9477 Burlington Pl,Boca Raton,FL,33434,575000,3,2.0,American Homes At Boca Ra,1756,8625,1980,6,327,75,Active,,,https://www.redfin.com/FL/Boca-Raton/9477-Burlington-Pl-33434/home/42240296,Beaches MLS,F10460646,N,Y,26.3925154,-80.1947204
MLS Listing,,Single Family Residential,17016 Cappuccino Way,Boca Raton,FL,33496,3049900,5,6.0,Boca Bridges,5502,9060,2022,6,554,1068,Active,,,https://www.redfin.com/FL/Boca-Raton/17016-Cappuccino-Way-33496/home/177999533,Beaches MLS,RX-11020241,N,Y,26.4219593,-80.201872
MLS Listing,,Townhouse,8717 Echo Ln,Boca Raton,FL,33496,219900,2,2.0,Whisper Walk/greenleaf,1044,,1983,6,211,515,Active,,,https://www.redfin.com/FL/Boca-Raton/8717-Echo-Ln-33496/home/42236814,Beaches MLS,RX-11020235,N,Y,26.3947276,-80.1819826
MLS Listing,,Condo/Co-op,137 Preston D,Boca Raton,FL,33434,225000,2,2.0,Preston AT Century Village Condo,840,,1981,6,268,496,Active,,,https://www.redfin.com/FL/Boca-Raton/137-Preston-D-33434/home/42667244,Beaches MLS,RX-11019454,N,Y,26.393597,-80.178271
MLS Listing,,Single Family Residential,20251 Monteverdi Cir,Boca Raton,FL,33498,875000,5,3.5,SONATA AT MISSION BAY,2987,5760,1993,7,293,333,Active,,,https://www.redfin.com/FL/Boca-Raton/20251-Monteverdi-Cir-33498/home/42126469,MARMLS,A11657956,N,Y,26.3728226,-80.2162286
MLS Listing,,Condo/Co-op,1400 NW 9th Ave Unit A-1,Boca Raton,FL,33486,374900,2,2.0,Woodlet,1200,,1980,7,312,766,Active,,,https://www.redfin.com/FL/Boca-Raton/1400-NW-9th-Ave-33486/unit-A1/home/42320453,Beaches MLS,F10461015,N,Y,26.3625211,-80.1032995
MLS Listing,,Single Family Residential,3234 NW 60th St,Boca Raton,FL,33496,2999999,6,5.0,Seasons,4189,9459,1993,7,716,575,Pre On-Market,,,https://www.redfin.com/FL/Boca-Raton/3234-NW-60th-St-33496/home/42298772,Beaches MLS,F10460625,N,Y,26.402218,-80.1531068
MLS Listing,,Single Family Residential,8498 Dynasty Dr,Boca Raton,FL,33433,519000,3,2.0,Trends AT Boca Raton Unit 1,1530,5000,1985,7,339,103,Active,,,https://www.redfin.com/FL/Boca-Raton/8498-Dynasty-Dr-33433/home/42666337,Beaches MLS,RX-11020167,N,Y,26.3333795,-80.1778434
MLS Listing,,Single Family Residential,22848 SW 54th Way,Boca Raton,FL,33433,609900,3,2.0,Sandalfoot Cove Sec 7 And,1503,6741,1977,7,406,,Active,,,https://www.redfin.com/FL/Boca-Raton/22848-SW-54th-Way-33433/home/42273126,Beaches MLS,F10460966,N,Y,26.3367206,-80.1843932
MLS Listing,,Condo/Co-op,91 Brighton C,Boca Raton,FL,33434,129990,1,1.0,Century Village Condo,601,,1979,7,216,299,Active,,,https://www.redfin.com/FL/Boca-Raton/91-Brighton-C-33434/home/42633509,Beaches MLS,RX-11020132,N,Y,26.38427,-80.184128
MLS Listing,,Single Family Residential,717 NW 4th St,Boca Raton,FL,33486,3195000,5,4.5,Tunison Palms,4127,,2005,7,774,,Active,,,https://www.redfin.com/FL/Boca-Raton/717-NW-4th-St-33486/home/42320740,Beaches MLS,RX-11018838,N,Y,26.3538108,-80.0997078
MLS Listing,,Condo/Co-op,1090 Guildford E,Boca Raton,FL,33434,349000,2,2.0,Guildford AT Century Village Condo,1168,,1980,7,299,582,Active,,,https://www.redfin.com/FL/Boca-Raton/1090-Guildford-E-33434/home/42631074,Beaches MLS,RX-11020113,N,Y,26.386803,-80.175392
MLS Listing,,Townhouse,6595 Parkview A Dr Unit A,Boca Raton,FL,33433,669000,3,2.5,Fairway Village,1903,2971,1982,7,352,235,Active,,,https://www.redfin.com/FL/Boca-Raton/6595-Parkview-Dr-33433/unit-A/home/42267763,Beaches MLS,RX-11020107,N,Y,26.340123,-80.1466365
MLS Listing,,Townhouse,21604 Magdalena Ter,Boca Raton,FL,33433,775000,3,2.5,Boca Casa,1721,5401,1982,7,450,142,Active,,,https://www.redfin.com/FL/Boca-Raton/21604-Magdalena-Ter-33433/home/42255880,Beaches MLS,RX-11020101,N,Y,26.3546086,-80.1693001
MLS Listing,,Condo/Co-op,1523 Bridgewood Dr #1523,Boca Raton,FL,33434,324900,2,2.0,Bridgewood,1050,,1974,7,309,268,Active,,,https://www.redfin.com/FL/Boca-Raton/1523-Bridgewood-Dr-33434/unit-1523/home/192496201,Beaches MLS,F10460888,N,Y,26.3738936,-80.1644199
MLS Listing,,Condo/Co-op,5770 Coach House Cir Unit D,Boca Raton,FL,33486,410000,3,2.0,Coach Houses,1498,,1990,7,274,791,Active,,,https://www.redfin.com/FL/Boca-Raton/5770-Coach-House-Cir-33486/unit-D/home/42577449,Beaches MLS,RX-11020086,N,Y,26.3514661,-80.132682
MLS Listing,,Single Family Residential,7851 Villa Nova Dr,Boca Raton,FL,33433,850000,3,3.0,Solimar AT Boca Del Mar PH 3,1750,5900,1987,7,486,175,Active,,,https://www.redfin.com/FL/Boca-Raton/7851-Villa-Nova-Dr-33433/home/42261724,Beaches MLS,RX-11020024,N,Y,26.3570456,-80.1687824
MLS Listing,,Single Family Residential,10104 Country Brook Rd,Boca Raton,FL,33428,750000,4,2.5,Boca Springs,2175,,1991,7,345,160,Active,,,https://www.redfin.com/FL/Boca-Raton/10104-Country-Brook-Rd-33428/home/42140228,Beaches MLS,RX-11020017,N,Y,26.3405024,-80.2050382
MLS Listing,,Condo/Co-op,174 Mansfield E #174,Boca Raton,FL,33434,123500,1,1.5,Mansfield - Century Village,720,,1980,7,172,490,Active,,,https://www.redfin.com/FL/Boca-Raton/174-Mansfield-E-33434/unit-174/home/169518784,Beaches MLS,RX-11019998,N,Y,26.39122,-80.174786
MLS Listing,,Single Family Residential,9567 Lake Serena Dr,Boca Raton,FL,33496,995000,4,2.5,Boca Landings North / Boca Vista Estates,2528,9335,1994,7,394,191,Active,,,https://www.redfin.com/FL/Boca-Raton/9567-Lake-Serena-Dr-33496/home/42667355,Beaches MLS,RX-11019996,N,Y,26.3978068,-80.1987636
MLS Listing,,Condo/Co-op,200 E Palmetto Park Rd #817,Boca Raton,FL,33432,2375000,3,4.5,200 East Palmetto Park Condo,2775,,2009,7,856,3141,Active,,,https://www.redfin.com/FL/Boca-Raton/200-E-Palmetto-Park-Rd-33432/unit-817/home/42661992,Beaches MLS,RX-11019984,N,Y,26.350338,-80.0829885
MLS Listing,,Condo/Co-op,311 Fanshaw H Unit H,Boca Raton,FL,33434,134900,2,1.5,Century Village Condo AT Fanshaw,835,365,1980,7,162,431,Active,,,https://www.redfin.com/FL/Boca-Raton/311-Fanshaw-Way-33434/unit-H/home/172550113,Beaches MLS,RX-11019983,N,Y,26.3841278,-80.1741879
MLS Listing,,Single Family Residential,6363 NW 23rd Ter,Boca Raton,FL,33496,2400000,4,5.5,Tanglewood Arvida Country Club,4503,16920,1989,7,533,800,Active,,,https://www.redfin.com/FL/Boca-Raton/6363-NW-23rd-Ter-33496/home/42298274,Beaches MLS,RX-11019980,N,Y,26.4053008,-80.1307753
MLS Listing,,Single Family Residential,3150 NW 60th St,Boca Raton,FL,33496,2175000,5,3.5,SEASONS,3260,9477,1991,7,667,695,Pre On-Market,,,https://www.redfin.com/FL/Boca-Raton/3150-NW-60th-St-33496/home/42669851,MARMLS,A11620186,N,Y,26.4022355,-80.1509577
MLS Listing,,Condo/Co-op,7768 Lakeside Blvd #556,Boca Raton,FL,33434,635000,2,2.0,Lakewood Midrises,1445,,1976,7,439,1013,Active,,,https://www.redfin.com/FL/Boca-Raton/7768-Lakeside-Blvd-33434/unit-556/home/42249282,Beaches MLS,RX-11019939,N,Y,26.3788132,-80.166541
MLS Listing,,Condo/Co-op,6660 Somerset Dr #102,Boca Raton,FL,33433,299000,2,2.0,Kensington Walk,950,,1984,7,315,410,Active,,,https://www.redfin.com/FL/Boca-Raton/6660-Somerset-Dr-33433/unit-102/home/42265137,Beaches MLS,RX-11019938,N,Y,26.3520483,-80.149018
MLS Listing,,Single Family Residential,12280 Riverfalls Ct,Boca Raton,FL,33428,949000,4,2.5,Boca Falls Prcl R,1982,11295,1996,7,479,420,Active,,,https://www.redfin.com/FL/Boca-Raton/12280-Riverfalls-Ct-33428/home/42135915,Beaches MLS,F10459889,N,Y,26.36027,-80.2404003
MLS Listing,,Mobile/Manufactured Home,23045 Atlantic Cir,Boca Raton,FL,33428,250000,2,2.0,Watergate AS,840,5162,1980,7,298,,Active,,,https://www.redfin.com/FL/Boca-Raton/23045-Atlantic-Cir-33428/home/42138416,Beaches MLS,RX-11019911,N,Y,26.3337891,-80.2157793
MLS Listing,,Condo/Co-op,875 E Camino Real Unit 14C,Boca Raton,FL,33432,1385000,2,2.0,Lake House South,1447,,1970,7,957,1716,Active,,,https://www.redfin.com/FL/Boca-Raton/875-E-Camino-Real-33432/unit-14-C/home/130451890,Beaches MLS,F10460695,N,Y,26.3399671,-80.0747974
MLS Listing,,Condo/Co-op,1030 Hythe B,Boca Raton,FL,33434,169900,2,2.0,Century Village,896,,1980,7,190,442,Active,,,https://www.redfin.com/FL/Boca-Raton/1030-Hythe-B-33434/home/42630609,Beaches MLS,RX-11019603,N,Y,26.386655,-80.173007
MLS Listing,,Single Family Residential,814 NW 6th Dr,Boca Raton,FL,33486,1450000,3,2.5,Tunison Palms / Old Floresta Area,2173,10197,1968,8,667,,Active,,,https://www.redfin.com/FL/Boca-Raton/814-NW-6th-Dr-33486/home/42666732,Beaches MLS,RX-11015696,N,Y,26.3562338,-80.102754
MLS Listing,,Condo/Co-op,2041 Rexford C #2041,Boca Raton,FL,33434,255000,2,2.0,Century Village,896,,1982,8,285,888,Active,,,https://www.redfin.com/FL/Boca-Raton/2041-Rexford-Dr-33434/unit-2041/home/131316856,MARMLS,A11656577,N,Y,26.3894397,-80.1785986
MLS Listing,,Condo/Co-op,160 Preston D,Boca Raton,FL,33434,85000,1,1.5,Preston AT Century Village Condo,720,,1981,8,118,723,Active,,,https://www.redfin.com/FL/Boca-Raton/160-Preston-D-33434/home/42246489,Beaches MLS,RX-11019857,N,Y,26.3913894,-80.1778213
MLS Listing,,Single Family Residential,9430 Saddlebrook Dr,Boca Raton,FL,33496,650000,4,2.0,SPANISH ISLES II,1266,6550,1980,8,513,42,Active,,,https://www.redfin.com/FL/Boca-Raton/9430-Saddlebrook-Dr-33496/home/42241877,MARMLS,A11656827,N,Y,26.401997,-80.1945183
MLS Listing,,Single Family Residential,8835 New River Falls Rd,Boca Raton,FL,33496,1900000,3,3.5,BRIDGES MIZNER PUD BRIDGE,2740,8682,2020,8,693,500,Active,,,https://www.redfin.com/FL/Boca-Raton/8835-New-River-Falls-Rd-33496/home/171470797,MARMLS,A11657130,N,Y,26.42196,-80.1855567
MLS Listing,,Single Family Residential,10386 Sand Dollar Pl,Boca Raton,FL,33498,599000,3,2.0,AMBER BAY,1295,8620,1985,8,463,247,Active,,,https://www.redfin.com/FL/Boca-Raton/10386-Sand-Dollar-Pl-33498/home/42113712,MARMLS,A11655668,N,Y,26.3951346,-80.2098717
MLS Listing,,Condo/Co-op,5750 Coach House Cir Unit E,Boca Raton,FL,33486,419000,3,2.0,Coach Houses,1600,,1988,8,262,570,Active,,,https://www.redfin.com/FL/Boca-Raton/5750-Coach-House-Cir-33486/unit-E/home/42569284,Beaches MLS,RX-11019843,N,Y,26.3513052,-80.1312624
MLS Listing,,Single Family Residential,18524 Ocean Mist Dr,Boca Raton,FL,33498,1150000,5,3.5,The Shores AT Boca Raton,3366,9078,1995,8,342,363,Active,,,https://www.redfin.com/FL/Boca-Raton/18524-Ocean-Mist-Dr-33498/home/42122369,Beaches MLS,RX-11019840,N,Y,26.397697,-80.2239153
MLS Listing,,Single Family Residential,18724 Ocean Mist Dr,Boca Raton,FL,33498,1039000,4,3.5,Shores,2972,8723,1995,8,350,363,Active,,,https://www.redfin.com/FL/Boca-Raton/18724-Ocean-Mist-Dr-33498/home/42116375,Beaches MLS,RX-11019834,N,Y,26.3966463,-80.2238837
MLS Listing,,Condo/Co-op,23344 Carolwood Ln #106,Boca Raton,FL,33428,224900,2,2.0,PINES OF BOCA BARWOOD COND,1160,,1984,8,194,568,Active,,,https://www.redfin.com/FL/Boca-Raton/23344-Carolwood-Ln-33428/unit-106/home/42268546,MARMLS,A11648322,N,Y,26.3293772,-80.1975877
MLS Listing,,Condo/Co-op,7567 Imperial Dr #601,Boca Raton,FL,33433,689000,3,2.0,Imperial AT Promenade,2567,,1987,8,268,1311,Active,,,https://www.redfin.com/FL/Boca-Raton/7567-Imperial-Dr-33433/unit-601/home/42275234,Beaches MLS,RX-11019789,N,Y,26.3339684,-80.1608004
MLS Listing,,Condo/Co-op,1051 Lincoln C #1051,Boca Raton,FL,33434,199995,2,2.0,Lincoln C,896,,1981,8,223,814,Active,,,https://www.redfin.com/FL/Boca-Raton/1051-Lincoln-C-33434/unit-1051/home/129255482,Beaches MLS,F10460747,N,Y,26.38935,-80.172997
MLS Listing,,Single Family Residential,6580 N Dixie Hwy,Boca Raton,FL,33487,650000,3,2.0,Delray Mnr,1447,14015,1974,8,449,,Active,,,https://www.redfin.com/FL/Boca-Raton/6580-N-Dixie-Hwy-33487/home/42308654,Beaches MLS,RX-11019759,N,Y,26.4080461,-80.0783086
MLS Listing,,Single Family Residential,399 NE 8th St,Boca Raton,FL,33432,3500000,2,2.0,Boca Villas Sec C,1248,15579,1956,8,2804,,Active,,,https://www.redfin.com/FL/Boca-Raton/399-NE-8th-St-33432/home/42320106,Beaches MLS,RX-11009529,N,Y,26.3581396,-80.0800661
MLS Listing,,Condo/Co-op,3 Royal Palm Way #402,Boca Raton,FL,33432,397500,2,2.0,Boca Bayou,1130,,1976,8,352,725,Active,,,https://www.redfin.com/FL/Boca-Raton/3-Royal-Palm-Way-33432/unit-402/home/104345748,Beaches MLS,RX-11019711,N,Y,26.326959,-80.093642
MLS Listing,,Single Family Residential,18104 105th Ave,Boca Raton,FL,33498,540000,3,2.0,Greenbriar,1697,6013,1980,8,318,150,Active,September-21-2024 12:00 PM,September-21-2024 03:00 PM,https://www.redfin.com/FL/Boca-Raton/18104-105th-Ave-S-33498/home/42122951,Beaches MLS,F10459155,N,Y,26.4075222,-80.2115214
MLS Listing,,Condo/Co-op,23345 Carolwood Ln #208,Boca Raton,FL,33428,267000,2,2.0,PINES OF BOCA BARWOOD CON,1160,,1981,8,230,676,Active,,,https://www.redfin.com/FL/Boca-Raton/23345-Carolwood-Ln-33428/unit-208/home/42276566,MARMLS,A11656703,N,Y,26.3294703,-80.1986265
MLS Listing,,Single Family Residential,902 E Boca Raton Rd,Boca Raton,FL,33432,2200000,3,2.0,Boca Raton Riviera Unit A,1708,9372,1946,8,1288,,Active,,,https://www.redfin.com/FL/Boca-Raton/902-E-Boca-Raton-Rd-33432/home/42321303,Beaches MLS,RX-11019649,N,Y,26.3513023,-80.0727072
MLS Listing,,Townhouse,602 Bridgewood Dr,Boca Raton,FL,33434,697000,3,2.5,Bridgewood Townhouse Condo,1550,,1979,8,450,1136,Active,,,https://www.redfin.com/FL/Boca-Raton/602-Bridgewood-Dr-33434/home/42255402,Beaches MLS,RX-11019647,N,Y,26.3710544,-80.1655547
MLS Listing,,Townhouse,7504 Sierra Dr E,Boca Raton,FL,33433,799000,3,2.0,Sierra Del Mar,1627,5798,1980,8,491,295,Active,,,https://www.redfin.com/FL/Boca-Raton/7504-Sierra-Dr-E-33433/home/42639368,Beaches MLS,RX-11019644,N,Y,26.3524861,-80.1624433
MLS Listing,,Townhouse,921 Osceola Dr #6,Boca Raton,FL,33432,1895000,3,3.5,Saturnia BY The Sea,2706,3378,1999,8,700,1533,Active,,,https://www.redfin.com/FL/Boca-Raton/921-Osceola-Dr-33432/unit-6/home/42329489,Beaches MLS,RX-11019610,N,Y,26.3273367,-80.0762054
MLS Listing,,Condo/Co-op,17308 Boca Club Blvd #1102,Boca Raton,FL,33487,505000,3,2.0,Fairways AT Boca Golf & Tennis Condo,1347,,1989,8,375,667,Active,,,https://www.redfin.com/FL/Boca-Raton/17308-Boca-Club-Blvd-33487/unit-1102/home/42237606,Beaches MLS,RX-11019597,N,Y,26.4191786,-80.1055562
MLS Listing,,Condo/Co-op,300 NE 20th St #6060,Boca Raton,FL,33431,189000,2,2.0,BOCA VERDE CONDO,831,,1965,8,227,357,Active,,,https://www.redfin.com/FL/Boca-Raton/300-NE-20th-St-33431/unit-6060/home/42318749,MARMLS,A11656464,N,Y,26.3660487,-80.0816474
MLS Listing,,Single Family Residential,1580 NW 11,Boca Raton,FL,33486,1100000,3,2.0,Country Club Village Sec,1860,8275,1979,8,591,,Active,September-21-2024 12:00 PM,September-21-2024 03:00 PM,https://www.redfin.com/FL/Boca-Raton/1580-NW-11th-St-33486/home/42308492,Beaches MLS,F10455799,N,Y,26.3600702,-80.1171084
MLS Listing,,Condo/Co-op,6121 Balboa 104 Cir #104,Boca Raton,FL,33433,285000,2,2.0,Whitehall Condo AT Camino Real,1385,,1985,8,206,608,Active,,,https://www.redfin.com/FL/Boca-Raton/6121-Balboa-Cir-33433/unit-104/home/42258807,Beaches MLS,RX-11019571,N,Y,26.345146,-80.141972
MLS Listing,,Single Family Residential,20181 Back Nine Dr,Boca Raton,FL,33498,875000,3,3.5,Boca Greens 2,2304,9642,1981,8,380,233,Active,,,https://www.redfin.com/FL/Boca-Raton/20181-Back-Nine-Dr-33498/home/42116697,Beaches MLS,RX-11019456,N,Y,26.3780562,-80.2107055
MLS Listing,,Condo/Co-op,5951 Wellesley Park Dr #608,Boca Raton,FL,33433,295000,2,2.0,Wellesley Park Condo,1180,,1982,9,250,640,Active,September-21-2024 03:30 PM,September-21-2024 05:30 PM,https://www.redfin.com/FL/Boca-Raton/5951-Wellesley-Park-Dr-33433/unit-608/home/42258839,Beaches MLS,F10459771,N,Y,26.3373883,-80.1346409
MLS Listing,,Condo/Co-op,2001 N Ocean Blvd #602,Boca Raton,FL,33431,1200000,3,2.5,LA Fontana Condominium,2038,,1980,9,589,2079,Active,,,https://www.redfin.com/FL/Boca-Raton/2001-N-Ocean-Blvd-33431/unit-602/home/42316920,Beaches MLS,RX-11019548,N,Y,26.368815,-80.069997
MLS Listing,,Single Family Residential,10065 Camelback Ln,Boca Raton,FL,33498,775000,3,2.0,Boca Greens,2128,13556,1983,9,364,265,Active,,,https://www.redfin.com/FL/Boca-Raton/10065-Camelback-Ln-33498/home/42120826,Beaches MLS,RX-11019523,N,Y,26.3789868,-80.2062446
MLS Listing,,Single Family Residential,9206 Passiflora Way #101,Boca Raton,FL,33428,739000,2,2.0,BOCA FLORES CONDO,1916,,2021,9,386,978,Active,September-18-2024 11:00 AM,September-18-2024 01:00 PM,https://www.redfin.com/FL/Boca-Raton/9206-Passiflora-Way-33428/unit-101/home/176642711,MARMLS,A11655123,N,Y,26.3534035,-80.1906287
MLS Listing,,Townhouse,9454 Glider Way,Boca Raton,FL,33428,615000,3,2.5,Boca Dunes Pud,1728,2021,2019,9,356,346,Active,,,https://www.redfin.com/FL/Boca-Raton/9454-Glider-Way-33428/home/168049693,Beaches MLS,RX-11019495,N,Y,26.3340431,-80.1938692
MLS Listing,,Townhouse,6674 Thornhill Ct,Boca Raton,FL,33433,639000,3,2.0,Thornhill Village,1744,3315,1980,9,366,500,Active,,,https://www.redfin.com/FL/Boca-Raton/6674-Thornhill-Ct-33433/home/42262177,Beaches MLS,RX-11019493,N,Y,26.3452132,-80.1578339
MLS Listing,,Condo/Co-op,2554 Coco Plum Blvd #2554,Boca Raton,FL,33496,615000,3,2.5,Bridgepointe At Broken,1957,,1993,9,314,1200,Active,,,https://www.redfin.com/FL/Boca-Raton/2554-Coco-Plum-Blvd-33496/unit-2554/home/192442868,Beaches MLS,F10460436,N,Y,26.4030651,-80.1407963
MLS Listing,,Single Family Residential,22065 Palm Grass Dr,Boca Raton,FL,33428,700000,3,2.0,Boca Winds / Waterways,1927,,1996,9,363,122,Active,September-22-2024 11:30 AM,September-22-2024 03:00 PM,https://www.redfin.com/FL/Boca-Raton/22065-Palm-Grass-Dr-33428/home/42133082,Beaches MLS,RX-11007412,N,Y,26.3464751,-80.2477626
MLS Listing,,Single Family Residential,8252 Crystal Downs Ave,Boca Raton,FL,33434,1689000,3,3.5,BOCA RATON GOLF COURSE PU,2573,6813,2024,9,656,,Active,,,https://www.redfin.com/FL/Boca-Raton/8252-Crystal-Downs-Ave-33434/home/190555304,MARMLS,A11656116,N,Y,26.3762312,-80.1734807
MLS Listing,,Condo/Co-op,799 Jeffery St #2060,Boca Raton,FL,33487,345000,1,1.5,Porta Bella East And Porta Bella Southwest Condo AS,1017,,1979,9,339,1066,Active,,,https://www.redfin.com/FL/Boca-Raton/799-Jeffery-St-33487/unit-2060/home/42313770,Beaches MLS,RX-11019453,N,Y,26.4030289,-80.0718613
MLS Listing,,Single Family Residential,6295 NW 24th St NW,Boca Raton,FL,33434,749900,3,3.0,Glades Landing 3,1952,4950,1993,9,384,655,Active,,,https://www.redfin.com/FL/Boca-Raton/6295-NW-24th-St-33434/home/42582541,Beaches MLS,RX-11019399,N,Y,26.3720966,-80.1432153
MLS Listing,,Single Family Residential,1072 SW 9th Ter,Boca Raton,FL,33486,599000,3,2.0,Boca Raton Square Unit 2,1152,8582,1960,9,520,,Active,,,https://www.redfin.com/FL/Boca-Raton/1072-SW-9th-Ter-33486/home/42306498,Beaches MLS,RX-11017142,N,Y,26.3404766,-80.105135
MLS Listing,,Single Family Residential,321 NE 29th St,Boca Raton,FL,33431,699000,3,2.0,Chatham Hills,1479,7580,1960,9,473,,Active,,,https://www.redfin.com/FL/Boca-Raton/321-NE-29th-St-33431/home/42327420,Beaches MLS,F10457889,N,Y,26.3778742,-80.0805168
MLS Listing,,Condo/Co-op,9440 SW 8th St #217,Boca Raton,FL,33428,178900,1,1.5,Isle OF Sandalfoot Cond 1 Thru 7,741,,1980,9,241,527,Active,,,https://www.redfin.com/FL/Boca-Raton/9440-SW-8th-St-33428/unit-217/home/42273218,Beaches MLS,RX-11019336,N,Y,26.3388257,-80.1892956
MLS Listing,,Condo/Co-op,23060 Aqua Vw #8,Boca Raton,FL,33433,495000,3,2.5,Isles OF Boca Condos One And Two Decls Filed IN Or4,1590,,1989,9,311,1029,Active,,,https://www.redfin.com/FL/Boca-Raton/23060-Aqua-Vw-33433/unit-8/home/42273805,Beaches MLS,RX-11018208,N,Y,26.3346425,-80.1372606
MLS Listing,,Townhouse,9110 Fairbanks Ln #4,Boca Raton,FL,33496,279999,2,2.0,Town Villas,1227,1612,1987,9,228,358,Active,,,https://www.redfin.com/FL/Boca-Raton/9110-Fairbanks-Ln-33496/unit-4/home/42243378,Beaches MLS,RX-11019314,N,Y,26.3945705,-80.1883841
MLS Listing,,Townhouse,5698 NW 39th Ave,Boca Raton,FL,33496,699900,3,2.0,Cambridge Park,1965,,1988,9,356,946,Active,,,https://www.redfin.com/FL/Boca-Raton/5698-NW-39th-Ave-33496/home/42298013,Beaches MLS,RX-11019311,N,Y,26.398941,-80.165145
MLS Listing,,Condo/Co-op,1200 S Ocean Blvd Unit 4B,Boca Raton,FL,33432,699000,2,2.0,Cloister Beach Tower,1230,,1966,9,568,1704,Active,,,https://www.redfin.com/FL/Boca-Raton/1200-S-Ocean-Blvd-33432/unit-4B/home/42329604,Beaches MLS,F10460415,N,Y,26.3324952,-80.0732707
MLS Listing,,Single Family Residential,3871 Landings Dr,Boca Raton,FL,33496,3499000,4,5.5,Landings AT Woodfield Country Club,4433,10878,1998,9,789,716,Pre On-Market,,,https://www.redfin.com/FL/Boca-Raton/3871-Landings-Dr-33496/home/42305063,Beaches MLS,RX-11019292,N,Y,26.4063829,-80.1621986
MLS Listing,,Single Family Residential,8008 Eastlake Dr Unit 12-A,Boca Raton,FL,33433,399900,3,2.0,Boca Lago,2196,,1979,9,182,1020,Active,,,https://www.redfin.com/FL/Boca-Raton/8008-Eastlake-Dr-33433/unit-12-A/home/192429806,Beaches MLS,F10460384,N,Y,26.356286,-80.175123
MLS Listing,,Condo/Co-op,275 Mansfield G #275,Boca Raton,FL,33434,145000,1,1.5,Century Village,720,,1980,9,201,715,Active,,,https://www.redfin.com/FL/Boca-Raton/275-Mansfield-G-33434/unit-275/home/192428792,Beaches MLS,F10458119,N,Y,26.393597,-80.175797
MLS Listing,,Condo/Co-op,9260 SW 14th St #2303,Boca Raton,FL,33428,215000,2,2.0,Patios Of Boca Barwood,1515,,1980,9,142,861,Active,,,https://www.redfin.com/FL/Boca-Raton/9260-SW-14th-St-33428/unit-2303/home/42270662,Beaches MLS,F10460356,N,Y,26.335511,-80.1894899
MLS Listing,,Condo/Co-op,6549 Somerset Dr #205,Boca Raton,FL,33433,300000,2,2.0,Kensington Walk Condo,950,,1985,9,316,403,Active,,,https://www.redfin.com/FL/Boca-Raton/6549-Somerset-Dr-33433/unit-205/home/42257828,Beaches MLS,RX-11016143,N,Y,26.3520261,-80.1464405
MLS Listing,,Single Family Residential,20105 Back Nine Dr,Boca Raton,FL,33498,870000,3,2.0,BOCA GREENS 2,2003,10199,1987,10,434,267,Active,,,https://www.redfin.com/FL/Boca-Raton/20105-Back-Nine-Dr-33498/home/42117742,MARMLS,A11648548,N,Y,26.3756167,-80.2105474
MLS Listing,,Single Family Residential,2705 NW 75th St,Boca Raton,FL,33496,4265000,5,6.0,Royal Palm Polo,6644,12602,2024,10,642,805,Active,,,https://www.redfin.com/FL/Boca-Raton/2705-NW-75th-St-33496/home/109004249,Beaches MLS,F10460171,N,Y,26.4162588,-80.1446329
MLS Listing,,Condo/Co-op,9165 SW 14th St #1309,Boca Raton,FL,33428,310000,2,2.5,Patios Of Boca Barwood,1651,,1980,10,188,894,Active,,,https://www.redfin.com/FL/Boca-Raton/9165-SW-14th-St-33428/unit-1309/home/42271139,Beaches MLS,F10460334,N,Y,26.3365287,-80.1892072
MLS Listing,,Single Family Residential,23133 Addison Lakes Cir,Boca Raton,FL,33433,520000,3,2.5,Addison Lakes,2008,3106,2003,10,259,350,Active,,,https://www.redfin.com/FL/Boca-Raton/23133-Addison-Lakes-Cir-33433/home/42557701,Beaches MLS,F10459597,N,Y,26.334594,-80.174508
MLS Listing,,Condo/Co-op,9208 Passiflora Way #102,Boca Raton,FL,33428,749900,2,2.0,Boca Flores,1916,,2021,10,391,778,Active,,,https://www.redfin.com/FL/Boca-Raton/9208-Passiflora-Way-33428/unit-102/home/184423714,Beaches MLS,F10459160,N,Y,26.353042,-80.189053
MLS Listing,,Single Family Residential,10776 Queen Palm Ct,Boca Raton,FL,33498,985000,4,2.0,Boca Isles West PH 2a-1,2325,10152,1994,10,424,400,Active,,,https://www.redfin.com/FL/Boca-Raton/10776-Queen-Palm-Ct-33498/home/42115019,Beaches MLS,RX-11019163,N,Y,26.3861113,-80.2164238
MLS Listing,,Condo/Co-op,100 SE 5th Ave #101,Boca Raton,FL,33432,4395000,3,3.0,Mizner Court,2772,13,1988,10,1585,3543,Active,,,https://www.redfin.com/FL/Boca-Raton/100-SE-5th-Ave-33432/unit-101/home/42323800,Beaches MLS,RX-11019159,N,Y,26.3482689,-80.0766189
MLS Listing,,Single Family Residential,10828 Boca Woods Ln,Boca Raton,FL,33428,1035000,4,3.5,Boca Woods,3324,,1986,10,311,389,Active,,,https://www.redfin.com/FL/Boca-Raton/10828-Boca-Woods-Ln-33428/home/42121408,Beaches MLS,RX-11019142,N,Y,26.3516196,-80.2178126
MLS Listing,,Condo/Co-op,6461 NW 2 Ave #503,Boca Raton,FL,33487,350000,3,2.0,Boca Teeca,1300,,1973,10,269,349,Active,,,https://www.redfin.com/FL/Boca-Raton/6461-NW-2nd-Ave-33487/unit-503/home/146522443,Beaches MLS,RX-11017894,N,Y,26.4063787,-80.0829008
MLS Listing,,Condo/Co-op,1086 Exeter E,Boca Raton,FL,33434,165000,2,1.5,Century Village,880,,1979,10,188,515,Active,,,https://www.redfin.com/FL/Boca-Raton/1086-Exeter-E-33434/home/42244052,Beaches MLS,RX-11019114,N,Y,26.384693,-80.178164
MLS Listing,,Condo/Co-op,9355 SW 8th St #110,Boca Raton,FL,33428,238000,2,2.0,Isle OF Sandalfoot Condo,918,365,1975,11,259,380,Active,,,https://www.redfin.com/FL/Boca-Raton/9355-SW-8th-St-33428/unit-110/home/42267266,Beaches MLS,RX-11019108,N,Y,26.3380633,-80.1933983
MLS Listing,,Single Family Residential,19891 Stockholm Dr,Boca Raton,FL,33434,599000,3,2.0,BRENTWOOD OF BOCA PH 4 AN,1963,5717,1989,11,305,410,Active,,,https://www.redfin.com/FL/Boca-Raton/19891-Stockholm-Dr-33434/home/42247409,MARMLS,A11653009,N,Y,26.3808317,-80.1779929
MLS Listing,,Single Family Residential,5223 Deerhurst Crescent Cir,Boca Raton,FL,33486,1500000,3,2.5,Deerhurst,2427,7701,1982,11,618,117,Active,,,https://www.redfin.com/FL/Boca-Raton/5223-Deerhurst-Crescent-Cir-33486/home/42275886,Beaches MLS,F10455305,N,Y,26.3293303,-80.1236162
MLS Listing,,Condo/Co-op,3420 S Ocean Blvd Unit 4Z,Highland Beach,FL,33487,1200000,2,2.0,CORONADO AT HIGHLAND BEAC,1433,,1983,11,837,1788,Active,,,https://www.redfin.com/FL/Highland-Beach/3420-S-Ocean-Blvd-33487/unit-4Z/home/42389524,MARMLS,A11655395,N,Y,26.4147159,-80.0667324
MLS Listing,,Single Family Residential,23192 Via Stel,Boca Raton,FL,33433,870000,3,2.0,Villa Stel,2100,5899,1990,11,414,383,Active,September-21-2024 11:00 AM,September-21-2024 02:00 PM,https://www.redfin.com/FL/Boca-Raton/23192-Via-Stel-33433/home/42272087,Beaches MLS,F10460269,N,Y,26.3326244,-80.1442431
MLS Listing,,Condo/Co-op,6461 NW 2nd Ave #306,Boca Raton,FL,33487,250000,2,2.0,Boca Teeca Condo 5,1300,,1973,11,192,349,Active,,,https://www.redfin.com/FL/Boca-Raton/6461-NW-2nd-Ave-33487/unit-306/home/173721688,Beaches MLS,RX-11019063,N,Y,26.4063578,-80.0828912
MLS Listing,,Condo/Co-op,6080 Verde Trl S #702,Boca Raton,FL,33433,450000,2,2.0,Provence,1500,,1986,11,300,592,Active,,,https://www.redfin.com/FL/Boca-Raton/6080-Verde-Trl-S-33433/unit-702/home/192413976,Beaches MLS,RX-11019039,N,Y,26.358142,-80.138499
MLS Listing,,Single Family Residential,3805 S Ocean Blvd,Highland Beach,FL,33487,39900000,5,6.5,Highland Beach,8347,18147,2026,11,4780,,Active,,,https://www.redfin.com/FL/Highland-Beach/3805-S-Ocean-Blvd-33487/home/42389436,Beaches MLS,RX-11019027,N,Y,26.4074647,-80.0645536
MLS Listing,,Single Family Residential,8527 Ganton Dr,Boca Raton,FL,33434,2795000,5,7.0,Boca Raton Golf Course Pud,5393,8603,2023,11,518,679,Active,,,https://www.redfin.com/FL/Boca-Raton/8527-Ganton-Dr-33434/home/189455366,Beaches MLS,RX-11018911,N,Y,26.3786598,-80.1796398
MLS Listing,,Single Family Residential,19615 Dinner Key Dr,Boca Raton,FL,33498,1149000,4,3.0,Boca Isles South PH 5D,3385,11376,1996,11,339,395,Active,,,https://www.redfin.com/FL/Boca-Raton/19615-Dinner-Key-Dr-33498/home/42132488,Beaches MLS,RX-11018992,N,Y,26.3811657,-80.2188917
MLS Listing,,Single Family Residential,17213 Balboa Point Way,Boca Raton,FL,33487,724900,3,2.0,Balboa Point Boca Golf &,1820,5280,1992,11,398,370,Active,,,https://www.redfin.com/FL/Boca-Raton/17213-Balboa-Point-Way-33487/home/42294070,Beaches MLS,F10460103,N,Y,26.4218374,-80.1022016
MLS Listing,,Condo/Co-op,5340 NW 2nd Ave Ph -29,Boca Raton,FL,33487,240000,2,2.0,Boca Teeca Condo 10,1316,,1985,11,182,746,Active,,,https://www.redfin.com/FL/Boca-Raton/5340-NW-2nd-Ave-33487/unit-29/home/42316886,Beaches MLS,RX-11018934,N,Y,26.3970978,-80.0831503
MLS Listing,,Single Family Residential,21792 Marigot Dr,Boca Raton,FL,33428,1795000,5,5.5,BOCA FALLS PRCL K,4844,14659,1996,11,371,430,Active,,,https://www.redfin.com/FL/Boca-Raton/21792-Marigot-Dr-33428/home/42135195,Stellar MLS as Distributed by MLS Grid,O6239530,N,Y,26.350412,-80.2380028
MLS Listing,,Condo/Co-op,450 NW 20th St #2020,Boca Raton,FL,33431,249000,2,2.0,Casa Del Rio Condo,936,,1980,11,266,605,Active,,,https://www.redfin.com/FL/Boca-Raton/450-NW-20th-St-33431/unit-2020/home/185488960,Beaches MLS,RX-11018157,N,Y,26.3674154,-80.0947396
MLS Listing,,Single Family Residential,11077 Blue Coral Dr,Boca Raton,FL,33498,1200000,5,4.5,Shores AT Boca Raton PH 1,3421,8400,1996,11,351,320,Active,,,https://www.redfin.com/FL/Boca-Raton/11077-Blue-Coral-Dr-33498/home/42116897,Beaches MLS,RX-11015341,N,Y,26.399687,-80.2230169
MLS Listing,,Single Family Residential,12218 Boca Reserve Ln,Boca Raton,FL,33428,1775000,5,5.5,Boca Reserve Pud,5476,8934,2014,12,324,250,Active,,,https://www.redfin.com/FL/Boca-Raton/12218-Boca-Reserve-Ln-33428/home/54488784,Beaches MLS,RX-11018641,N,Y,26.3443454,-80.2368965
MLS Listing,,Townhouse,8888 Sunscape Ln,Boca Raton,FL,33496,329900,2,2.0,Whisper Walk,1000,,1987,12,330,566,Active,,,https://www.redfin.com/FL/Boca-Raton/8888-Sunscape-Ln-33496/home/42235084,Beaches MLS,RX-11018848,N,Y,26.3989462,-80.1825833
MLS Listing,,Condo/Co-op,7738 Lakeside Blvd #383,Boca Raton,FL,33434,299000,2,2.0,Lakewood,1050,,1977,12,285,797,Active,,,https://www.redfin.com/FL/Boca-Raton/7738-Lakeside-Blvd-33434/unit-383/home/42248788,Beaches MLS,RX-11018846,N,Y,26.379651,-80.1658667
MLS Listing,,Condo/Co-op,1400 S Ocean Blvd Unit 104n,Boca Raton,FL,33432,1995000,2,2.5,Addison on The Ocean,2156,,1986,12,925,3348,Active,,,https://www.redfin.com/FL/Boca-Raton/1400-S-Ocean-Blvd-33432/unit-104n/home/192405376,Beaches MLS,RX-11018830,N,Y,26.363561,-80.068653
MLS Listing,,Condo/Co-op,9284 Vista Del Lago Unit F,Boca Raton,FL,33428,299800,2,2.0,Pines OF Boca Lago Condo,1436,,1980,12,209,615,Active,,,https://www.redfin.com/FL/Boca-Raton/9284-Vista-del-Lago-33428/unit-F/home/42253550,Beaches MLS,RX-11018829,N,Y,26.354181,-80.192741
MLS Listing,,Condo/Co-op,,Boca Raton,FL,33433,350000,3,2.0,,,,1978,12,,593,Active,,,https://www.redfin.com/FL/Boca-Raton/Undisclosed-address-33433/home/42259725,MARMLS,A11653898,N,Y,26.3498572,-80.1477063
MLS Listing,,Townhouse,8665 Chevy Chase Dr #113,Boca Raton,FL,33433,258000,2,2.0,Boca Lakes Condo,1332,,1978,12,194,539,Active,,,https://www.redfin.com/FL/Boca-Raton/8665-Chevy-Chase-Dr-33433/unit-113/home/171290674,Beaches MLS,RX-11018799,N,Y,26.365933,-80.181182
MLS Listing,,Single Family Residential,105 Pinehurst Ln,Boca Raton,FL,33431,750000,3,2.0,University Park,1601,,1964,12,468,,Active,September-19-2024 03:00 PM,September-19-2024 06:00 PM,https://www.redfin.com/FL/Boca-Raton/105-Pinehurst-Ln-33431/home/42303205,Beaches MLS,RX-11018792,N,Y,26.3713299,-80.1318359
MLS Listing,,Townhouse,11121 Rios Rd,Boca Raton,FL,33498,449000,2,2.0,Sweetwater Sec 4,1555,2113,1988,12,289,240,Active,,,https://www.redfin.com/FL/Boca-Raton/11121-Rios-Rd-33498/home/42117189,Beaches MLS,RX-11018769,N,Y,26.4067374,-80.2218405
MLS Listing,,Condo/Co-op,1251 S Federal Hwy #104,Boca Raton,FL,33432,575000,2,2.5,Landmark Townhouses OF Boca Raton Condo,1380,,1980,12,417,484,Active,,,https://www.redfin.com/FL/Boca-Raton/1251-S-Federal-Hwy-33432/unit-104/home/192401201,Beaches MLS,RX-11018745,N,Y,26.3386504,-80.0872596
MLS Listing,,Single Family Residential,1398 SW 17th St,Boca Raton,FL,33486,995000,4,3.0,Palm Beach Farms,2329,9413,1980,12,427,,Active,,,https://www.redfin.com/FL/Boca-Raton/1398-SW-17th-St-33486/home/42606724,Beaches MLS,RX-11018711,N,Y,26.3327392,-80.1136117
MLS Listing,,Single Family Residential,19000 Stewart Cir #5,Boca Raton,FL,33496,318500,2,2.0,Weitzer Sub 3,1227,,1987,12,260,358,Active,September-21-2024 11:00 AM,September-21-2024 01:00 PM,https://www.redfin.com/FL/Boca-Raton/19000-Stewart-Cir-33496/unit-5/home/42240851,Beaches MLS,F10460036,N,Y,26.395371,-80.190474
MLS Listing,,Condo/Co-op,7819 Lakeside Blvd #814,Boca Raton,FL,33434,749000,2,2.0,Boca West,1486,,1976,12,504,862,Active,,,https://www.redfin.com/FL/Boca-Raton/7819-Lakeside-Blvd-33434/unit-814/home/42253379,Beaches MLS,F10459747,N,Y,26.3795973,-80.1684973
MLS Listing,,Condo/Co-op,2121 N Ocean Blvd Unit 509w,Boca Raton,FL,33431,749000,2,2.0,Boca Towers Condo,1078,,1972,12,695,1122,Active,,,https://www.redfin.com/FL/Boca-Raton/2121-N-Ocean-Blvd-33431/unit-509W/home/42316726,Beaches MLS,F10459848,N,Y,26.3700911,-80.0695458
MLS Listing,,Single Family Residential,11156 Sandpoint Ter,Boca Raton,FL,33428,675000,4,2.5,Boca Springs,2792,4996,1995,12,242,167,Active,,,https://www.redfin.com/FL/Boca-Raton/11156-Sandpoint-Ter-33428/home/42128575,Beaches MLS,RX-11018624,N,Y,26.3393506,-80.2216209
MLS Listing,,Condo/Co-op,1081 Exeter E,Boca Raton,FL,33434,168000,2,1.5,Exeter AT Century Village Condo,861,,1980,12,195,515,Active,,,https://www.redfin.com/FL/Boca-Raton/1081-Exeter-E-33434/home/42251069,Beaches MLS,RX-11018618,N,Y,26.3865298,-80.1775811
MLS Listing,,Single Family Residential,18287 Clear Brook Cir,Boca Raton,FL,33498,765000,4,2.5,Boca Chase,2801,6485,1992,12,273,127,Active,,,https://www.redfin.com/FL/Boca-Raton/18287-Clear-Brook-Cir-33498/home/42132395,Beaches MLS,RX-11018461,N,Y,26.4057669,-80.2245067
MLS Listing,,Townhouse,4401 N Ocean Blvd #15,Boca Raton,FL,33431,2175000,3,3.5,Sea Ranch Club OF Boca II Condo,2830,,1989,12,769,3692,Active,,,https://www.redfin.com/FL/Boca-Raton/4401-N-Ocean-Blvd-33431/unit-15/home/42323589,Beaches MLS,RX-11018581,N,Y,26.3905469,-80.069227
MLS Listing,,Single Family Residential,6352 Bellamalfi St,Boca Raton,FL,33496,1999999,4,3.5,Azura/oxley Northern,3614,9150,2013,12,553,1178,Active,September-22-2024 01:00 PM,September-22-2024 03:00 PM,https://www.redfin.com/FL/Boca-Raton/6352-Bellamalfi-St-33496/home/42603748,Beaches MLS,RX-11018566,N,Y,26.417058,-80.1428779
MLS Listing,,Vacant Land,700 Malaga Dr,Boca Raton,FL,33432,3195000,,,Spanish River Land,,9824,,12,,,Active,,,https://www.redfin.com/FL/Boca-Raton/700-Malaga-Dr-33432/home/42325605,Beaches MLS,RX-11018563,N,Y,26.3238307,-80.0787871
MLS Listing,,Single Family Residential,19274 Redberry Ct,Boca Raton,FL,33498,1099998,5,3.0,Boca Isles West PH 3 B,2805,12304,1994,12,392,400,Active,,,https://www.redfin.com/FL/Boca-Raton/19274-Redberry-Ct-33498/home/42132228,Beaches MLS,RX-11015443,N,Y,26.3870142,-80.217738
MLS Listing,,Condo/Co-op,6875 Willow Wood 2083 Dr #2083,Boca Raton,FL,33434,290000,2,2.0,Willow Wood Midrise Condo,1050,,1980,12,276,761,Active,,,https://www.redfin.com/FL/Boca-Raton/6875-Willow-Wood-Dr-33434/unit-2083/home/42250975,Beaches MLS,RX-11018536,N,Y,26.3756673,-80.1504292
MLS Listing,,Condo/Co-op,236 Preston F Unit F,Boca Raton,FL,33434,154900,2,1.5,Preston AT Century Village Condo,840,,1981,12,184,495,Active,,,https://www.redfin.com/FL/Boca-Raton/236-Preston-Way-33434/unit-F/home/192318420,Beaches MLS,RX-11017325,N,Y,26.392484,-80.178967
MLS Listing,,Single Family Residential,700 W Camino Real,Boca Raton,FL,33486,925000,3,2.0,Royal Oak Hills 2nd Sec,1509,8857,1962,13,613,,Active,,,https://www.redfin.com/FL/Boca-Raton/700-W-Camino-Real-33486/home/42329301,Beaches MLS,RX-11018526,N,Y,26.34395,-80.1001555
MLS Listing,,Townhouse,9126 SW 21st St Unit D,Boca Raton,FL,33428,349900,2,2.5,River Oaks,1236,,1988,13,283,426,Active,,,https://www.redfin.com/FL/Boca-Raton/9126-SW-21st-St-33428/unit-D/home/42272323,Beaches MLS,F10460019,N,Y,26.329303,-80.18906
MLS Listing,,Condo/Co-op,1150 NW 13th St Unit 270C,Boca Raton,FL,33486,250000,2,2.0,BOCA LINDA CONDO,978,,1973,13,256,532,Active,,,https://www.redfin.com/FL/Boca-Raton/1150-NW-13th-St-33486/unit-270C/home/42313158,MARMLS,A11647156,N,Y,26.360978,-80.1089067
MLS Listing,,Single Family Residential,9903 Boca Gardens Trl Unit B,Boca Raton,FL,33496,440000,3,2.0,Boca Gardens,1276,,1985,13,345,447,Active,,,https://www.redfin.com/FL/Boca-Raton/9903-Boca-Gardens-Trl-33496/unit-B/home/42239612,Beaches MLS,F10459966,N,Y,26.4049387,-80.2025275
MLS Listing,,Single Family Residential,22200 Cranbrook Rd,Boca Raton,FL,33428,825000,5,3.0,BOCA WINDS PAR D-1,2579,9684,1989,13,320,135,Active,,,https://www.redfin.com/FL/Boca-Raton/22200-Cranbrook-Rd-33428/home/42137657,MARMLS,A11654401,N,Y,26.3465696,-80.2424808
MLS Listing,,Condo/Co-op,331 SW 8th St Unit 2-C-E,Boca Raton,FL,33432,214000,1,1.5,Gateway Apts Condo,756,,1978,13,283,228,Active,,,https://www.redfin.com/FL/Boca-Raton/331-SW-8th-St-33432/unit-2-C-E/home/180644165,Beaches MLS,RX-11018469,N,Y,26.342973,-80.0923832
MLS Listing,,Single Family Residential,11111 Highland Cir,Boca Raton,FL,33428,590000,3,2.0,Boca Woods Country Club PH 3B,2008,6000,1982,13,294,388,Active,,,https://www.redfin.com/FL/Boca-Raton/11111-Highland-Cir-33428/home/42135649,Beaches MLS,RX-11018467,N,Y,26.3545939,-80.2209943
MLS Listing,,Condo/Co-op,9440 SW 8th St #412,Boca Raton,FL,33428,255000,2,2.0,Isle OF Sandalfoot Condo,1015,,1980,13,251,607,Active,,,https://www.redfin.com/FL/Boca-Raton/9440-SW-8th-St-33428/unit-412/home/42264209,Beaches MLS,RX-11018466,N,Y,26.3388257,-80.1892956
MLS Listing,,Single Family Residential,17574 Sparkling River Rd,Boca Raton,FL,33496,2275000,5,7.0,Brdgs-mizner Pud Brdgs So,4484,7427,2022,13,507,505,Active,,,https://www.redfin.com/FL/Boca-Raton/17574-Sparkling-River-Rd-33496/home/177999776,Beaches MLS,F10459899,N,Y,26.4167327,-80.1749731
MLS Listing,,Townhouse,830 Camino Gardens Ln,Boca Raton,FL,33432,860000,3,2.0,Camino Gardens Villas,1812,6691,1981,13,475,223,Active,,,https://www.redfin.com/FL/Boca-Raton/830-Camino-Gardens-Ln-33432/home/42328922,Beaches MLS,RX-11018407,N,Y,26.3420086,-80.0960703
MLS Listing,,Single Family Residential,2671 NW 63rd St,Boca Raton,FL,33496,2250000,4,3.5,Fairway Pointe,3300,,1994,13,682,1150,Active,,,https://www.redfin.com/FL/Boca-Raton/2671-NW-63rd-St-33496/home/42301642,Beaches MLS,RX-11018399,N,Y,26.4031674,-80.1440701
MLS Listing,,Condo/Co-op,900 SW 9th Street Cir #104,Boca Raton,FL,33486,294900,2,2.0,Boca Terrace Cond Phase I,957,,1981,13,308,463,Active,,,https://www.redfin.com/FL/Boca-Raton/900-SW-9th-Street-Cir-33486/unit-104/home/42313835,Beaches MLS,F10459920,N,Y,26.3408401,-80.1246239
MLS Listing,,Condo/Co-op,4005 Hythe A #4005,Boca Raton,FL,33434,180000,2,2.0,Hythe AT Century Village Condo,896,,1980,13,201,726,Active,,,https://www.redfin.com/FL/Boca-Raton/4005-Hythe-A-33434/unit-4005/home/192377485,Beaches MLS,RX-11018367,N,Y,26.386655,-80.173007
MLS Listing,,Condo/Co-op,21954 Tidewater Ter #106,Boca Raton,FL,33433,299000,2,2.0,Kensington Walk Condo,950,365,1985,13,315,410,Active,,,https://www.redfin.com/FL/Boca-Raton/21954-Tidewater-Ter-33433/unit-106/home/42264139,Beaches MLS,RX-11018361,N,Y,26.3513759,-80.1476476
MLS Listing,,Single Family Residential,839 Orchid Dr,Boca Raton,FL,33432,21500000,5,9.0,Sun And Surf,8563,10616,2025,13,2511,,Active,,,https://www.redfin.com/FL/Boca-Raton/839-Orchid-Dr-33432/home/42325362,Beaches MLS,RX-11018359,N,Y,26.3602267,-80.0730709
MLS Listing,,Single Family Residential,300 NE 11th St,Boca Raton,FL,33432,6995000,6,7.5,Boca Villas,6032,9628,2025,13,1160,,Active,,,https://www.redfin.com/FL/Boca-Raton/300-NE-11th-St-33432/home/42320096,Beaches MLS,RX-11018356,N,Y,26.3603995,-80.080446
MLS Listing,,Single Family Residential,1351 Cocoanut Rd,Boca Raton,FL,33432,10500000,6,8.0,Spanish River Land,9187,15002,2025,13,1143,,Active,,,https://www.redfin.com/FL/Boca-Raton/1351-Cocoanut-Rd-33432/home/42328504,Beaches MLS,RX-11018355,N,Y,26.3306974,-80.0773659
MLS Listing,,Single Family Residential,17732 Briar Patch Trl,Boca Raton,FL,33487,979900,4,2.5,Pheasant Walk,1678,8908,1979,13,584,107,Active,September-21-2024 12:00 PM,September-21-2024 03:00 PM,https://www.redfin.com/FL/Boca-Raton/17732-Briar-Patch-Trl-33487/home/42241410,Beaches MLS,F10459516,N,Y,26.4133889,-80.1111676
MLS Listing,,Condo/Co-op,4073 Exeter Unit E,Boca Raton,FL,33434,389000,2,2.0,Exeter at Century Village,1168,,1980,13,333,661,Active,,,https://www.redfin.com/FL/Boca-Raton/4073-Exeter-33434/unit-E/home/192374590,Beaches MLS,RX-11018331,N,Y,26.385484,-80.178448
MLS Listing,,Condo/Co-op,15 Royal Palm Way #2050,Boca Raton,FL,33432,390000,2,2.0,BOCA BAYOU CONDO,1130,,1978,13,345,715,Active,,,https://www.redfin.com/FL/Boca-Raton/15-Royal-Palm-Way-33432/unit-2050/home/42327582,MARMLS,A11649579,N,Y,26.326959,-80.093642
MLS Listing,,Condo/Co-op,9293 Vista Del Lago Unit 15c,Boca Raton,FL,33428,359500,2,2.0,Pines of Boca Lago,1266,,1979,13,284,747,Active,,,https://www.redfin.com/FL/Boca-Raton/9293-Vista-Del-Lago-33428/unit-15-C/home/189591685,Beaches MLS,RX-11018305,N,Y,26.3556805,-80.1930423
MLS Listing,,Condo/Co-op,2070 Guildford D,Boca Raton,FL,33434,149000,2,1.5,Century Village,861,,1980,13,173,455,Active,,,https://www.redfin.com/FL/Boca-Raton/2070-Guildford-D-33434/home/42252494,Beaches MLS,RX-11018298,N,Y,26.3867772,-80.1754067
MLS Listing,,Single Family Residential,17747 Foxglove Ln,Boca Raton,FL,33487,699000,3,2.0,Pheasant Walk Sec 3,1723,9081,1978,13,406,97,Active,,,https://www.redfin.com/FL/Boca-Raton/17747-Foxglove-Ln-33487/home/42239481,Beaches MLS,RX-11018286,N,Y,26.4131701,-80.1142672
MLS Listing,,Single Family Residential,737 NW 3rd Ave,Boca Raton,FL,33432,750000,3,2.0,Boca Raton Hills Sec 1,1733,8520,1979,13,433,,Active,September-22-2024 11:00 AM,September-22-2024 12:30 PM,https://www.redfin.com/FL/Boca-Raton/737-NW-3rd-Ave-33432/home/42643286,Beaches MLS,RX-11018250,N,Y,26.3573638,-80.0929304
MLS Listing,,Condo/Co-op,1400 S Ocean Blvd #604,Boca Raton,FL,33432,3195000,2,2.5,Addison ON The Ocean IN Boca Raton Condo,2156,,1985,13,1482,3491,Active,,,https://www.redfin.com/FL/Boca-Raton/1400-S-Ocean-Blvd-33432/unit-604/home/42326287,Beaches MLS,RX-11018243,N,Y,26.3312565,-80.0743214
MLS Listing,,Condo/Co-op,174 Dorset E,Boca Raton,FL,33434,124900,1,1.5,Century Village,720,,1979,13,173,346,Active,,,https://www.redfin.com/FL/Boca-Raton/174-Dorset-E-33434/home/42632568,Beaches MLS,RX-11018236,N,Y,26.3821712,-80.1790364
MLS Listing,,Single Family Residential,484 Royal Palm Way,Boca Raton,FL,33432,14795000,6,8.0,Royal Palm Yacht & Country Club,8278,16339,2023,13,1787,315,Active,September-22-2024 01:00 PM,September-22-2024 04:00 PM,https://www.redfin.com/FL/Boca-Raton/484-Royal-Palm-Way-33432/home/42323843,Beaches MLS,RX-11018230,N,Y,26.3297483,-80.0810332
MLS Listing,,Townhouse,9568 Boca Gardens Pkwy Unit A,Boca Raton,FL,33496,479900,3,3.5,Boca Gardens,1325,2531,1985,13,362,447,Active,September-22-2024 11:30 AM,September-22-2024 01:30 PM,https://www.redfin.com/FL/Boca-Raton/9568-Boca-Gardens-Pkwy-33496/unit-A/home/42242216,Beaches MLS,RX-11018206,N,Y,26.4038043,-80.1958372
MLS Listing,,Townhouse,2677 N Ocean Blvd Unit Th-18-H,Boca Raton,FL,33431,1749000,3,3.0,Yacht & Racquet Club OF Boca Raton Condo,2063,,1978,13,848,2600,Active,,,https://www.redfin.com/FL/Boca-Raton/2677-N-Ocean-Blvd-33431/unit-TH-18-H/home/185349479,Beaches MLS,RX-11018204,N,Y,26.3760126,-80.0703197
MLS Listing,,Townhouse,1013 Bel Air Dr #1,Highland Beach,FL,33487,2200000,3,2.5,Lloret DE Mar Condo,2652,,1980,13,830,1527,Active,,,https://www.redfin.com/FL/Highland-Beach/1013-Bel-Air-Dr-33487/unit-1/home/192317500,Beaches MLS,RX-11017240,N,Y,26.3969844,-80.0694152
MLS Listing,,Townhouse,21319 Pagosa Ct,Boca Raton,FL,33486,457000,3,2.5,Fairfield AT Boca 2 OF Cedar Grove,1662,1272,1987,13,275,732,Active,,,https://www.redfin.com/FL/Boca-Raton/21319-Pagosa-Ct-33486/home/42572566,Beaches MLS,RX-11016848,N,Y,26.3594412,-80.1249447
MLS Listing,,Single Family Residential,301 NW 21st,Boca Raton,FL,33431,639500,4,2.0,Caldwell Heights,2181,9200,1972,14,293,,Active,September-20-2024 03:00 PM,September-20-2024 06:00 PM,https://www.redfin.com/FL/Boca-Raton/301-NW-21st-St-33431/home/42317331,Beaches MLS,F10456080,N,Y,26.3700749,-80.0911755
MLS Listing,,Townhouse,9290 SW 61st Way Unit A,Boca Raton,FL,33428,420000,3,2.5,Chateau ON The Knoll Phase 2,1593,,1980,14,264,253,Active,,,https://www.redfin.com/FL/Boca-Raton/9290-SW-61st-Way-33428/unit-A/home/42268685,Beaches MLS,RX-11018164,N,Y,26.3406395,-80.1917129
MLS Listing,,Single Family Residential,578 NW Crane Ter,Boca Raton,FL,33432,1349000,4,2.5,Library Commons,2646,2948,2010,14,510,368,Active,,,https://www.redfin.com/FL/Boca-Raton/578-NW-Crane-Ter-33432/home/42657561,Beaches MLS,F10458722,N,Y,26.3553447,-80.0888379
MLS Listing,,Single Family Residential,11180 Clover Leaf Cir,Boca Raton,FL,33428,899000,3,3.0,Boca Woods Country Club 6,2058,7033,1985,14,437,388,Active,,,https://www.redfin.com/FL/Boca-Raton/11180-Clover-Leaf-Cir-33428/home/42126777,Beaches MLS,F10459774,N,Y,26.3614506,-80.222524
MLS Listing,,Condo/Co-op,1010 Exeter A #1010,Boca Raton,FL,33434,114900,2,1.5,Century Village,861,,1980,14,133,800,Active,,,https://www.redfin.com/FL/Boca-Raton/1010-Exeter-33434/unit-1010/home/192362769,Beaches MLS,F10458747,N,Y,26.385212,-80.177263
MLS Listing,,Condo/Co-op,220 SE Mizner Blvd #305,Boca Raton,FL,33432,4548000,3,3.5,Alina Boca Raton Condo,3791,392000,2024,14,1200,3214,Active,,,https://www.redfin.com/FL/Boca-Raton/220-SE-Mizner-Blvd-33432/unit-305/home/192362283,Beaches MLS,RX-11018110,N,Y,26.3470419,-80.0832
MLS Listing,,Condo/Co-op,220 SE Mizner Blvd Ph 10,Boca Raton,FL,33432,5538000,4,4.5,Alina Boca Raton Condo,3477,392000,2024,14,1593,2892,Active,,,https://www.redfin.com/FL/Boca-Raton/220-SE-Mizner-Blvd-33432/unit-10/home/192365399,Beaches MLS,RX-11018103,N,Y,26.3470419,-80.0832
MLS Listing,,Condo/Co-op,140 SE 5th Ave #339,Boca Raton,FL,33432,975000,2,2.0,Mizner Court,1524,,1988,14,640,2957,Active,,,https://www.redfin.com/FL/Boca-Raton/140-SE-5th-Ave-33432/unit-339/home/42325197,Beaches MLS,RX-11018077,N,Y,26.3482689,-80.0766189
MLS Listing,,Single Family Residential,2101 NW 19th Way,Boca Raton,FL,33431,5495000,5,6.5,Boca Raton Bath & Tennis Club,7332,16988,2013,14,749,677,Active,,,https://www.redfin.com/FL/Boca-Raton/2101-NW-19th-Way-33431/home/42303958,Beaches MLS,RX-11018054,N,Y,26.3759228,-80.1251102
MLS Listing,,Single Family Residential,6574 Via Benita,Boca Raton,FL,33433,1145000,3,2.5,Villa Flora AT Boca Pointe,2893,,1985,14,396,470,Active,,,https://www.redfin.com/FL/Boca-Raton/6574-Via-Benita-33433/home/42266448,Beaches MLS,RX-11018041,N,Y,26.3374031,-80.1467934
MLS Listing,,Single Family Residential,17906 Aberdeen Way,Boca Raton,FL,33496,3495000,5,6.0,Saint Andrews Country Club,4424,19438,1990,14,790,614,Active,,,https://www.redfin.com/FL/Boca-Raton/17906-Aberdeen-Way-33496/home/42240982,Beaches MLS,RX-11017687,N,Y,26.4100707,-80.1594458
MLS Listing,,Condo/Co-op,1901 S Ocean Blvd #302,Boca Raton,FL,33432,599900,2,2.0,Esplanade,1309,,1979,14,458,879,Active,,,https://www.redfin.com/FL/Boca-Raton/1901-S-Ocean-Blvd-33432/unit-302/home/188590524,Beaches MLS,RX-11018027,N,Y,26.3283781,-80.0754497
MLS Listing,,Condo/Co-op,9292 Vista Del Lago C Unit C,Boca Raton,FL,33428,225000,2,2.0,Pines OF Boca Lago Condo,1216,,1980,14,185,747,Active,,,https://www.redfin.com/FL/Boca-Raton/9292-Vista-del-Lago-33428/unit-C/home/42258114,Beaches MLS,RX-11018014,N,Y,26.354181,-80.192741
MLS Listing,,Condo/Co-op,935 Sweetwater Ln #204,Boca Raton,FL,33431,725000,2,2.0,OCEANS III CONDO,920,,1979,14,788,909,Active,,,https://www.redfin.com/FL/Boca-Raton/935-Sweetwater-Ln-33431/unit-204/home/42315426,MARMLS,A11644360,N,Y,26.3741017,-80.0705236
MLS Listing,,Single Family Residential,699 NE 70th St,Boca Raton,FL,33487,795000,3,2.0,Boca Harbour 3rd Sec,1562,8920,1972,14,509,,Active,,,https://www.redfin.com/FL/Boca-Raton/699-NE-70th-St-33487/home/42308617,Beaches MLS,RX-11017952,N,Y,26.4124465,-80.0747548
MLS Listing,,Condo/Co-op,11 SW 4th Ave #8,Boca Raton,FL,33432,184000,1,1.0,Maranatha Apts Inc,567,,1963,14,325,300,Active,,,https://www.redfin.com/FL/Boca-Raton/11-SW-4th-Ave-33432/unit-8/home/42326953,Beaches MLS,RX-11017924,N,Y,26.3501915,-80.0943252
MLS Listing,,Condo/Co-op,2121 N Ocean Blvd Unit 701w,Boca Raton,FL,33431,699000,2,2.0,Boca Towers Condo Portion,1078,,1972,14,648,1100,Active,,,https://www.redfin.com/FL/Boca-Raton/2121-N-Ocean-Blvd-33431/unit-701W/home/42317712,Beaches MLS,RX-11017528,N,Y,26.3700911,-80.0695458
MLS Listing,,Single Family Residential,4770 Fox Hunt Trl,Boca Raton,FL,33487,915550,4,2.0,Pheasant Walk Sec 1,2258,8800,1977,14,405,,Active,,,https://www.redfin.com/FL/Boca-Raton/4770-Fox-Hunt-Trl-33487/home/42236074,Beaches MLS,RX-11017889,N,Y,26.4134501,-80.1182396
MLS Listing,,Condo/Co-op,2929 S Ocean Blvd #3050,Boca Raton,FL,33432,324900,1,1.5,Boca South Condo,760,,1974,14,428,500,Active,,,https://www.redfin.com/FL/Boca-Raton/2929-S-Ocean-Blvd-33432/unit-3050/home/42329122,Beaches MLS,RX-11017346,N,Y,26.3224139,-80.0763603
MLS Listing,,Single Family Residential,17092 Watersprite Lakes Rd,Boca Raton,FL,33496,2149000,4,4.5,Lotus,3703,8107,2022,14,580,505,Active,,,https://www.redfin.com/FL/Boca-Raton/17092-Watersprite-Lakes-Rd-33496/home/188137018,Beaches MLS,RX-11013266,N,Y,26.4214714,-80.1755183
MLS Listing,,Single Family Residential,381 Hastings St,Boca Raton,FL,33487,575000,4,2.0,Delray Manors,1481,7000,1952,15,388,,Active,,,https://www.redfin.com/FL/Boca-Raton/381-Hastings-St-33487/home/42318137,Beaches MLS,F10459595,N,Y,26.4040224,-80.077688
MLS Listing,,Single Family Residential,1567 SW 6 Ter,Boca Raton,FL,33486,2100000,4,2.0,Carriage Hill,2521,,1978,15,833,10,Active,,,https://www.redfin.com/FL/Boca-Raton/1567-SW-6th-Ter-33486/home/42326859,Beaches MLS,RX-11016690,N,Y,26.3332223,-80.0976126
MLS Listing,,Condo/Co-op,50 SE 12th St #236,Boca Raton,FL,33432,275000,2,1.0,Villa Valencia Condo,800,,1973,15,344,460,Active,,,https://www.redfin.com/FL/Boca-Raton/50-SE-12th-St-33432/unit-236/home/192351543,Beaches MLS,RX-11017806,N,Y,26.3391526,-80.0883399
MLS Listing,,Condo/Co-op,5301 NW 2nd Ave #206,Boca Raton,FL,33487,367000,3,2.0,Boca Teeca 7 Condo,1300,360,1974,15,282,608,Active,,,https://www.redfin.com/FL/Boca-Raton/5301-NW-2nd-Ave-33487/unit-206/home/192356103,Beaches MLS,RX-11017782,N,Y,26.3975517,-80.0843354
MLS Listing,,Condo/Co-op,2727 N Ocean Blvd Unit 112-A,Boca Raton,FL,33431,500000,2,2.0,Yacht & Racquet Club OF Boca Raton Condo,1375,,1976,15,364,2071,Active,,,https://www.redfin.com/FL/Boca-Raton/2727-N-Ocean-Blvd-33431/unit-112-A/home/192351265,Beaches MLS,RX-11017778,N,Y,26.375627,-80.068306
MLS Listing,,Single Family Residential,12130 Boca Reserve Ln,Boca Raton,FL,33428,1075000,4,3.0,Boca Reserve Pud,2765,14018,2013,15,389,250,Active,,,https://www.redfin.com/FL/Boca-Raton/12130-Boca-Reserve-Ln-33428/home/64098208,Beaches MLS,RX-11017775,N,Y,26.3447335,-80.2371954
MLS Listing,,Condo/Co-op,23380 Carolwood Ln #205,Boca Raton,FL,33428,239000,2,2.0,Pines Of Boca Barwood,1160,,1979,15,206,685,Active,,,https://www.redfin.com/FL/Boca-Raton/23380-Carolwood-Ln-33428/unit-205/home/42276600,Beaches MLS,F10459549,N,Y,26.3290748,-80.1978408
MLS Listing,,Single Family Residential,1101 NE 3rd Ave,Boca Raton,FL,33432,4295000,5,6.5,Boca Villas Heights,4001,7708,2024,15,1073,,Active,,,https://www.redfin.com/FL/Boca-Raton/1101-NE-3rd-Ave-33432/home/42318382,Beaches MLS,RX-11017733,N,Y,26.3607962,-80.0809195
MLS Listing,,Single Family Residential,450 NW 15th St,Boca Raton,FL,33432,879000,4,2.5,ESTERLY,2185,8808,1962,15,402,,Active,,,https://www.redfin.com/FL/Boca-Raton/450-NW-15th-St-33432/home/42320243,MARMLS,A11652584,N,Y,26.3640282,-80.0956084
MLS Listing,,Condo/Co-op,220 SE Mizner Blvd #523,Boca Raton,FL,33432,7054000,3,3.5,Alina Boca Raton Condo,4265,392000,2024,15,1654,3594,Active,,,https://www.redfin.com/FL/Boca-Raton/220-SE-Mizner-Blvd-33432/unit-523/home/192350022,Beaches MLS,RX-11017722,N,Y,26.3470419,-80.0832
MLS Listing,,Condo/Co-op,220 SE Mizner Blvd Unit Villa 103,Boca Raton,FL,33432,6549000,3,3.5,Alina Boca Raton Condo,3805,392000,2024,15,1721,3207,Active,,,https://www.redfin.com/FL/Boca-Raton/220-SE-Mizner-Blvd-33432/unit-Villa-103/home/178967758,Beaches MLS,RX-11017711,N,Y,26.3470419,-80.0832
MLS Listing,,Condo/Co-op,7202 Promenade Dr #602,Boca Raton,FL,33433,435000,3,2.0,PROMENADE AT BOCA POINTE,1619,,1985,15,269,2666,Active,,,https://www.redfin.com/FL/Boca-Raton/7202-Promenade-Dr-33433/unit-602/home/42267552,MARMLS,A11652410,N,Y,26.3328589,-80.1560016
MLS Listing,,Single Family Residential,12794 Maypan Dr,Boca Raton,FL,33428,899999,4,2.5,BOCA WINDS PAR E,2407,8776,1996,15,374,133,Active,,,https://www.redfin.com/FL/Boca-Raton/12794-Maypan-Dr-33428/home/42122087,MARMLS,A11652139,N,Y,26.350902,-80.247645
MLS Listing,,Townhouse,6640 Thornhill Ct,Boca Raton,FL,33433,689000,3,2.5,Thornhill Village,1860,3202,1981,15,370,500,Active,,,https://www.redfin.com/FL/Boca-Raton/6640-Thornhill-Ct-33433/home/42261182,Beaches MLS,RX-11017646,N,Y,26.3454484,-80.1570927
MLS Listing,,Condo/Co-op,9270 Vista Del Lago Dr Unit 27D,Boca Raton,FL,33428,259900,2,2.0,Pines Of Boca Lago,1216,,1980,15,214,747,Active,,,https://www.redfin.com/FL/Boca-Raton/9270-Vista-Del-Lago-33428/unit-27D/home/172851307,Beaches MLS,F10459448,N,Y,26.354181,-80.192741
MLS Listing,,Single Family Residential,10280 Camelback Ln,Boca Raton,FL,33498,975000,3,3.0,Boca Greens 2,2428,14627,1985,15,402,266,Active,September-21-2024 12:00 PM,September-21-2024 02:00 PM,https://www.redfin.com/FL/Boca-Raton/10280-Camelback-Ln-33498/home/42123260,Beaches MLS,RX-11017481,N,Y,26.3783553,-80.2074335
MLS Listing,,Townhouse,8097 Whispering Palm Dr,Boca Raton,FL,33496,384900,2,2.0,Whisper Walk Sec D Condo,1310,,1989,15,294,617,Active,,,https://www.redfin.com/FL/Boca-Raton/8097-Whispering-Palm-Dr-33496/home/42247557,Beaches MLS,RX-11017591,N,Y,26.401011,-80.1738956
MLS Listing,,Single Family Residential,9963 Boca Gardens Trl Unit B,Boca Raton,FL,33496,419900,3,2.0,BOCA GARDENS,1276,,1985,15,329,447,Active,,,https://www.redfin.com/FL/Boca-Raton/9963-Boca-Gardens-Trl-33496/unit-B/home/42243089,MARMLS,A11651094,N,Y,26.4041161,-80.2029643
MLS Listing,,Townhouse,5607 NW 24th Ter,Boca Raton,FL,33496,2249000,5,6.5,Cloisters,4297,9108,1988,15,523,1066,Active,,,https://www.redfin.com/FL/Boca-Raton/5607-NW-24th-Ter-33496/home/42298924,Beaches MLS,RX-11017555,N,Y,26.398427,-80.132418
MLS Listing,,Single Family Residential,21065 Escondido Way,Boca Raton,FL,33433,599000,3,2.0,Escondido AT Boca Raton 2,1833,10151,1978,15,327,147,Active,September-21-2024 12:00 PM,September-21-2024 03:00 PM,https://www.redfin.com/FL/Boca-Raton/21065-Escondido-Way-N-33433/home/42251389,Beaches MLS,RX-11017553,N,Y,26.3633618,-80.1862642
MLS Listing,,Condo/Co-op,500 SE Mizner Blvd Unit A704,Boca Raton,FL,33432,2295000,2,2.5,Townsend Place,1982,365,1998,15,1158,2379,Active,,,https://www.redfin.com/FL/Boca-Raton/500-SE-Mizner-Blvd-33432/unit-A704/home/42649456,Beaches MLS,RX-11015951,N,Y,26.3456767,-80.0840041
MLS Listing,,Condo/Co-op,7578 Regency Lake Dr #102,Boca Raton,FL,33433,685000,3,2.5,Regency at Boca Pointe,1962,1962,1987,15,349,833,Active,,,https://www.redfin.com/FL/Boca-Raton/7578-Regency-Lake-Dr-33433/unit-102/home/42274703,Beaches MLS,RX-11014735,N,Y,26.3329764,-80.161256
MLS Listing,,Single Family Residential,10618 Stonebridge Blvd,Boca Raton,FL,33498,1350000,4,4.5,Stonebridge 2,4493,15872,1989,15,300,365,Active,,,https://www.redfin.com/FL/Boca-Raton/10618-Stonebridge-Blvd-33498/home/42111668,Beaches MLS,RX-11012040,N,Y,26.4107316,-80.2218802
MLS Listing,,Condo/Co-op,200 E Palmetto Park Rd #12,Boca Raton,FL,33432,1225000,2,2.5,200 East Palmetto,1707,,2009,15,718,1876,Active,,,https://www.redfin.com/FL/Boca-Raton/200-E-Palmetto-Park-Rd-33432/unit-12/home/42666051,Beaches MLS,RX-11017046,N,Y,26.350338,-80.0829885
MLS Listing,,Condo/Co-op,330 N Federal Hwy #310,Deerfield Beach,FL,33441,289000,1,1.0,River House Terrace,782,,1965,16,370,552,Active,,,https://www.redfin.com/FL/Deerfield-Beach/330-N-Federal-Hwy-33441/unit-310/home/41405815,Beaches MLS,F10457984,N,Y,26.321925,-80.089346
MLS Listing,,Condo/Co-op,4071 Guildford D,Boca Raton,FL,33434,225000,2,1.5,Guildford AT Century Village Condo,861,,1980,16,261,456,Active,,,https://www.redfin.com/FL/Boca-Raton/4071-Guildford-D-33434/home/42638059,Beaches MLS,RX-11017476,N,Y,26.386803,-80.175392
MLS Listing,,Condo/Co-op,17323 Boca Club Blvd #6,Boca Raton,FL,33487,450000,3,2.0,ST Tropez AT Boca Golf Coach Homes Condo,1639,,1993,16,275,685,Active,,,https://www.redfin.com/FL/Boca-Raton/17323-Boca-Club-Blvd-33487/unit-6/home/42301223,Beaches MLS,RX-11017467,N,Y,26.42331,-80.102423
MLS Listing,,Condo/Co-op,550 S Ocean Blvd #1001,Boca Raton,FL,33432,2150000,2,2.0,Chalfonte Condo,1479,,1974,16,1454,1569,Active,,,https://www.redfin.com/FL/Boca-Raton/550-S-Ocean-Blvd-33432/unit-1001/home/42320891,Beaches MLS,RX-11017460,N,Y,26.3444311,-80.070692
MLS Listing,,Condo/Co-op,550 S Ocean Blvd #1003,Boca Raton,FL,33432,1450000,2,2.0,Chalfonte Condo,1446,,1974,16,1003,1569,Active,,,https://www.redfin.com/FL/Boca-Raton/550-S-Ocean-Blvd-33432/unit-1003/home/42324881,Beaches MLS,RX-11017458,N,Y,26.3444311,-80.070692
MLS Listing,,Single Family Residential,1030 SW 1st Way,Boca Raton,FL,33486,875000,2,2.0,Palmetto Park Terrace Uni,1543,12503,1963,16,567,,Active,,,https://www.redfin.com/FL/Boca-Raton/1030-SW-1st-Way-33486/home/42306490,Beaches MLS,F10458707,N,Y,26.3483462,-80.1072358
MLS Listing,,Condo/Co-op,9199 Pecky Cypress Ln Unit 7h,Boca Raton,FL,33428,325000,3,2.0,Cypresses OF Boca Lago Condo,1411,,1979,16,230,770,Active,September-22-2024 01:00 PM,September-22-2024 03:00 PM,https://www.redfin.com/FL/Boca-Raton/9199-Pecky-Cypress-Ln-33428/unit-7H/home/42255311,Beaches MLS,RX-11017441,N,Y,26.3598958,-80.1906213
MLS Listing,,Single Family Residential,915 Parkside Cir N,Boca Raton,FL,33486,1895000,5,5.0,Parkside,3487,10898,1986,16,543,383,Active,,,https://www.redfin.com/FL/Boca-Raton/915-Parkside-Cir-N-33486/home/42309733,Beaches MLS,RX-11016224,N,Y,26.3416054,-80.1281038
MLS Listing,,Condo/Co-op,6400 NW 2nd Ave #420,Boca Raton,FL,33487,315000,2,2.0,Boca Teeca Condo 9,1316,,1983,16,239,1103,Active,,,https://www.redfin.com/FL/Boca-Raton/6400-NW-2nd-Ave-33487/unit-420/home/189592399,Beaches MLS,RX-11014866,N,Y,26.407678,-80.0817317
MLS Listing,,Single Family Residential,8211 Nadmar Ave,Boca Raton,FL,33434,595000,3,2.0,Brentwood Estates,1599,5715,1990,16,372,410,Active,,,https://www.redfin.com/FL/Boca-Raton/8211-Nadmar-Ave-33434/home/42248889,Beaches MLS,RX-11016931,N,Y,26.3802783,-80.1759368
MLS Listing,,Single Family Residential,100 NW 9th St,Boca Raton,FL,33432,800000,2,1.0,Spanish Village IN,1017,11256,1958,16,787,,Active,,,https://www.redfin.com/FL/Boca-Raton/100-NW-9th-St-33432/home/42317852,Beaches MLS,RX-11016779,N,Y,26.3582775,-80.0881668
MLS Listing,,Condo/Co-op,1011 Flame Vive Ave #101,Delray Beach,FL,33446,179900,2,2.0,Pines OF Delray Condo,1167,,1978,17,154,628,Active,,,https://www.redfin.com/FL/Delray-Beach/300-Captains-Walk-33483/unit-101/home/179976963,Beaches MLS,RX-11017332,N,Y,26.421024,-80.0687932
MLS Listing,,Single Family Residential,10584 Mendocino Ln,Boca Raton,FL,33428,699999,3,2.0,Tract G OF Mission Bay,1916,8222,1989,17,365,394,Active,,,https://www.redfin.com/FL/Boca-Raton/10584-Mendocino-Ln-33428/home/42132714,Beaches MLS,RX-11017327,N,Y,26.3665612,-80.2144147
MLS Listing,,Single Family Residential,11120 Clover Leaf Cir,Boca Raton,FL,33428,499000,2,2.0,Boca Woods Country Club 0,2008,7310,1985,17,249,388,Active,,,https://www.redfin.com/FL/Boca-Raton/11120-Clover-Leaf-Cir-33428/home/42118305,Beaches MLS,F10459221,N,Y,26.3599718,-80.2223835
MLS Listing,,Condo/Co-op,2121 N Ocean Blvd Unit 1405e,Boca Raton,FL,33431,815000,2,2.0,Boca Towers Condo Portion,1031,,1972,17,790,1100,Active,,,https://www.redfin.com/FL/Boca-Raton/2121-N-Ocean-Blvd-33431/unit-1405E/home/42316052,Beaches MLS,RX-11017308,N,Y,26.3700911,-80.0695458
MLS Listing,,Townhouse,6680 Canary Palm Cir,Boca Raton,FL,33433,450000,3,2.0,Canary Palm Club,1589,4609,1987,17,283,753,Active,,,https://www.redfin.com/FL/Boca-Raton/6680-Canary-Palm-Cir-33433/home/42259780,Beaches MLS,RX-11017295,N,Y,26.3398806,-80.1479655
MLS Listing,,Condo/Co-op,9440 SW 8th St #401,Boca Raton,FL,33428,230000,2,2.0,Isle Of Sandalfoot 5,1015,,1980,17,227,607,Active,,,https://www.redfin.com/FL/Boca-Raton/9440-SW-8th-St-33428/unit-401/home/42265207,Beaches MLS,F10459219,N,Y,26.3388257,-80.1892956
MLS Listing,,Condo/Co-op,17597 Ashbourne Way Unit A,Boca Raton,FL,33496,545000,3,2.5,Ashbourne / Polo Club,2438,,1987,17,224,965,Active,,,https://www.redfin.com/FL/Boca-Raton/17597-Ashbourne-Way-33496/unit-A/home/42235725,Beaches MLS,RX-11017244,N,Y,26.4158672,-80.1285782
MLS Listing,,Single Family Residential,4719 Bocaire Blvd,Boca Raton,FL,33487,1799000,4,4.0,Bocaire Golf Club 1,3657,19391,1994,17,492,591,Active,,,https://www.redfin.com/FL/Boca-Raton/4719-Bocaire-Blvd-33487/home/42628650,Beaches MLS,RX-11017234,N,Y,26.4176953,-80.1157327
MLS Listing,,Condo/Co-op,550 SE Mizner Blvd Unit B206,Boca Raton,FL,33432,1095000,1,1.5,Townsend Place,1580,,2003,17,693,1893,Active,,,https://www.redfin.com/FL/Boca-Raton/550-SE-Mizner-Blvd-33432/unit-B206/home/42581343,Beaches MLS,RX-11017219,N,Y,26.3453657,-80.0845701
MLS Listing,,Condo/Co-op,200 SE Mizner Blvd #518,Boca Raton,FL,33432,5950000,3,3.5,Alina Residences,3490,,2020,17,1705,4220,Active,,,https://www.redfin.com/FL/Boca-Raton/200-SE-Mizner-Blvd-33432/unit-518/home/178023874,Beaches MLS,RX-11016858,N,Y,26.3476361,-80.0832302
MLS Listing,,Single Family Residential,1989 N Conference Dr,Boca Raton,FL,33486,875000,3,3.0,Paradise Palms Unit 03,2012,8500,1965,18,435,11,Active,,,https://www.redfin.com/FL/Boca-Raton/1989-N-Conference-Dr-33486/home/42309094,Beaches MLS,F10459130,N,Y,26.3575295,-80.1239705
MLS Listing,,Single Family Residential,1132 NE 2nd Ter,Boca Raton,FL,33432,1697000,4,3.0,Boca Villas Heights,1786,7784,1958,18,950,,Active,,,https://www.redfin.com/FL/Boca-Raton/1132-NE-2nd-Ter-33432/home/42320393,Beaches MLS,RX-11017149,N,Y,26.360997,-80.0812461
MLS Listing,,Condo/Co-op,210 SE Mizner Blvd #502,Boca Raton,FL,33432,6981000,4,4.5,Alina Boca Raton Condo,4113,392000,2024,18,1697,6842,Active,,,https://www.redfin.com/FL/Boca-Raton/210-SE-Mizner-Blvd-33432/unit-502/home/177651114,Beaches MLS,RX-11017146,N,Y,26.3470095,-80.0832495
MLS Listing,,Single Family Residential,8559 Shawe Way,Boca Raton,FL,33433,665000,4,2.5,Boca Trace,1924,5275,1988,18,346,120,Active,,,https://www.redfin.com/FL/Boca-Raton/8559-Shawe-Way-33433/home/42276275,Beaches MLS,F10457994,N,Y,26.3293335,-80.178464
MLS Listing,,Condo/Co-op,210 SE Mizner Blvd #404,Boca Raton,FL,33432,4683000,3,3.5,Alina Boca Raton Condo,3241,392000,2024,18,1445,5537,Active,,,https://www.redfin.com/FL/Boca-Raton/210-SE-Mizner-Blvd-33432/unit-404/home/192312561,Beaches MLS,RX-11017124,N,Y,26.3470095,-80.0832495
MLS Listing,,Condo/Co-op,19848 Planters Blvd Unit B,Boca Raton,FL,33434,1399000,3,2.0,Charter Cay,2300,,1987,18,608,1470,Active,,,https://www.redfin.com/FL/Boca-Raton/19848-Planters-Blvd-33434/unit-B/home/42249757,Beaches MLS,RX-11017113,N,Y,26.3812779,-80.1556277
